date,close,high,low,open,volume,adjClose,adjHigh,adjLow,adjOpen,adjVolume,divCash,splitFactor
01-02-2023,21.7,21.8,21.24,21.29,3056950,20.60335721,20.69830355,20.16660401,20.21407718,3056950,0,1
02-02-2023,21.69,21.85,21.545,21.8,2721791,20.59386257,20.74577673,20.45619037,20.69830355,2721791,0,1
03-02-2023,21.7,21.84,21.49,21.5,2021377,20.60335721,20.73628209,20.40396988,20.41346451,2021377,0,1
06-02-2023,21.41,21.44,21.214,21.35,1942787,20.3280128,20.3564967,20.14191796,20.27104499,1942787,0,1
07-02-2023,21.69,21.7368,21.36,21.41,1572281,20.59386257,20.63829746,20.28053963,20.3280128,1572281,0,1
08-02-2023,21.63,21.75,21.585,21.66,1366507,20.53689476,20.65083038,20.49416891,20.56537867,1366507,0,1
09-02-2023,21.68,22.01,21.61,22,1619149,20.58436794,20.89769088,20.51790549,20.88819625,1619149,0,1
10-02-2023,21.58,21.62,21.47,21.58,1392838,20.48942159,20.52740013,20.38498061,20.48942159,1392838,0,1
13-02-2023,21.87,21.88,21.61,21.63,1435620,20.76476599,20.77426063,20.51790549,20.53689476,1435620,0,1
14-02-2023,22.1,22.215,21.85,21.87,2110021,20.98314259,21.09233089,20.74577673,20.76476599,2110021,0,1
15-02-2023,22.07,22.07,21.8,21.83,1295293,20.95465869,20.95465869,20.69830355,20.72678746,1295293,0,1
16-02-2023,21.93,22.16,21.84,21.84,1815192,20.8217338,21.0401104,20.73628209,20.73628209,1815192,0,1
17-02-2023,21.94,21.965,21.765,21.8,1007953,20.83122844,20.85496502,20.66507233,20.69830355,1007953,0,1
21-02-2023,21.71,21.8839,21.655,21.7,1058843,20.61285184,20.77796354,20.56063135,20.60335721,1058843,0,1
22-02-2023,21.46,21.61,21.385,21.53,1014177,20.37548597,20.51790549,20.30427621,20.44194842,1014177,0,1
23-02-2023,21.63,21.7,21.47,21.6,952515,20.53689476,20.60335721,20.38498061,20.50841086,952515,0,1
24-02-2023,21.41,21.44,21.28,21.32,1063316,20.3280128,20.3564967,20.20458255,20.24256109,1063316,0,1
27-02-2023,21.73,21.85,21.6533,21.77,1069536,20.63184111,20.74577673,20.55901726,20.66981965,1069536,0,1
28-02-2023,21.78,21.95,21.765,21.92,1533941,20.67931428,20.84072307,20.66507233,20.81223917,1533941,0,1
01-03-2023,21.61,21.795,21.56,21.71,1757879,20.51790549,20.69355623,20.47043232,20.61285184,1757879,0,1
02-03-2023,21.46,21.47,21.225,21.28,2898754,20.37548597,20.38498061,20.15236206,20.20458255,2898754,0,1
03-03-2023,22.12,22.16,21.66,21.75,4655208,21.00213186,21.0401104,20.56537867,20.65083038,4655208,0,1
06-03-2023,22.16,22.2975,22.1193,22.2,1718966,21.0401104,21.17066163,21.00146724,21.07808894,1718966,0,1
07-03-2023,21.56,22.04,21.47,22,3464297,20.47043232,20.92617478,20.38498061,20.88819625,3464297,0,1
08-03-2023,21.39,21.57,21.3,21.49,4103897,20.30902353,20.47992696,20.22357182,20.40396988,4103897,0,1
09-03-2023,20.93,21.5315,20.87,21.37,4715159,19.87227034,20.44337261,19.81530253,20.29003426,4715159,0,1
10-03-2023,20.34,20.95,20.16,20.92,6549334,19.31208689,19.89125961,19.14118347,19.8627757,6549334,0,1
13-03-2023,19.36,19.68,19.285,19.49,6403446,18.3816127,18.685441,18.31040294,18.50504295,6403446,0,1
14-03-2023,19.99,20.125,19.755,19.97,5447787,18.97977468,19.10795225,18.75665076,18.96078541,5447787,0,1
15-03-2023,18.73,18.73,17.99,18.15,13524181,17.78345071,17.78345071,17.08084775,17.2327619,13524181,0,1
16-03-2023,19.26,19.26,18.22,18.37,8152653,18.28666635,18.28666635,17.29922434,17.44164386,8152653,0,1
17-03-2023,18.2,18.54,18.13,18.4,6349524,17.28023508,17.60305265,17.21377263,17.47012777,6349524,0,1
20-03-2023,18.8,19.76,18.61,19.07,40634544,17.84991316,18.76139808,17.6695151,18.10626829,40634544,0,1
21-03-2023,21.05,21.27,19.97,20.12,18615286,19.98620595,20.19508792,18.96078541,19.10320493,18615286,0,1
22-03-2023,20.4,20.73,20.12,20.44,14634419,19.3690547,19.68237764,19.10320493,19.40703324,14634419,0,1
23-03-2023,19.17,19.95,18.96,19.85,11781045,18.20121464,18.94179614,18.00182731,18.84684979,11781045,0,1
24-03-2023,18.99,19.13,18.27,18.63,9746550,18.03031121,18.1632361,17.34669752,17.68850437,9746550,0,1
27-03-2023,19.4,19.51,18.99,19.11,7225734,18.41959123,18.52403222,18.03031121,18.14424683,7225734,0,1
28-03-2023,19.27,19.43,19.145,19.21,4933049,18.29616098,18.44807514,18.17747805,18.23919318,4933049,0,1
29-03-2023,20.1,20.2582,19.945,20.2,4545582,19.08421566,19.23442078,18.93704882,19.17916201,4545582,0,1
30-03-2023,20.51,20.905,20.385,20.76,6084798,19.47349568,19.84853375,19.35481275,19.71086155,6084798,0,1
31-03-2023,21.34,21.34,20.8,20.9,6855786,20.26155036,20.26155036,19.74884009,19.84378643,6855786,0,1
03-04-2023,20.7,20.98,20.62,20.63,6845885,19.65389374,19.91974351,19.57793666,19.5874313,6845885,0,1
04-04-2023,21,21.03,20.74,20.89,4973022,19.93873278,19.96721668,19.69187228,19.8342918,4973022,0,1
05-04-2023,20.79,21,20.62,20.97,3355580,19.73934545,19.93873278,19.57793666,19.91024888,3355580,0,1
06-04-2023,20.76,20.98,20.71,20.85,3651570,19.71086155,19.91974351,19.66338837,19.79631326,3651570,0,1
10-04-2023,20.7,20.755,20.342,20.43,2134815,19.65389374,19.70611423,19.31398582,19.3975386,2134815,0,1
11-04-2023,21.5,21.585,21.01,21.19,7116093,20.41346451,20.49416891,19.94822741,20.11913084,7116093,0,1
12-04-2023,21.27,21.44,21.095,21.28,7059865,20.45619037,20.61968601,20.28788603,20.46580776,7059865,0.275,1
13-04-2023,21.63,21.63,21.34,21.41,4694605,20.80241644,20.80241644,20.5235121,20.59083384,4694605,0,1
14-04-2023,21.91,22.15,21.75,21.97,4674371,21.07170338,21.30252076,20.91782513,21.12940773,4674371,0,1
17-04-2023,21.08,21.14,20.64,20.8,6427457,20.27345994,20.33116429,19.85029474,20.004173,6427457,0,1
18-04-2023,21.01,21.17,20.94,21.08,6270607,20.20613821,20.36001646,20.13881647,20.27345994,6270607,0,1
19-04-2023,20.82,20.86,20.65,20.69,5773460,20.02340778,20.06187734,19.85991213,19.8983817,5773460,0,1
20-04-2023,20.36,20.57,20.18,20.39,5788952,19.5810078,19.78297301,19.40789476,19.60985997,5788952,0,1
21-04-2023,20.29,20.35,20.14,20.22,3207103,19.51368606,19.57139041,19.3694252,19.44636433,3207103,0,1
24-04-2023,20.56,20.725,20.385,20.62,3642441,19.77335562,19.93204257,19.60505128,19.83105996,3642441,0,1
25-04-2023,19.6,20.4799,19.59,20.43,4753085,18.85008609,19.69632032,18.8404687,19.64832954,4753085,0,1
26-04-2023,19.96,20.305,19.905,20.25,4312626,19.19631217,19.52811215,19.14341652,19.4752165,4312626,0,1
27-04-2023,20.31,20.33,19.975,20.06,3792187,19.53292085,19.55215563,19.21073825,19.29248607,3792187,0,1
28-04-2023,20.25,20.34,20.08,20.13,2688823,19.4752165,19.56177302,19.31172086,19.35980781,2688823,0,1
01-05-2023,20.04,20.41,20.02,20.28,2582072,19.27325129,19.62909475,19.25401651,19.50406867,2582072,0,1
02-05-2023,19.91,20.17,19.745,20.17,4026374,19.14822521,19.39827737,18.98953826,19.39827737,4026374,0,1
03-05-2023,19.35,19.72,19.34,19.53,3753611,18.60965132,18.96549478,18.60003393,18.78276436,3753611,0,1
04-05-2023,18.96,19.135,18.71,19.07,5909255,18.23457308,18.40287742,17.99413831,18.34036438,5909255,0,1
05-05-2023,19.72,19.76,19.29,19.32,5541095,18.96549478,19.00396435,18.55194698,18.58079915,5541095,0,1
08-05-2023,19.66,19.7,19.575,19.58,2300655,18.90779044,18.94626,18.82604262,18.83085131,2300655,0,1
09-05-2023,19.6,19.69,19.36,19.39,2357645,18.85008609,18.93664261,18.61926871,18.64812089,2357645,0,1
10-05-2023,19.39,19.68,19.23,19.64,2288605,18.64812089,18.92702522,18.49424263,18.88855566,2288605,0,1
11-05-2023,19.19,19.25,18.99,19.05,1927495,18.45577307,18.51347741,18.26342525,18.3211296,1927495,0,1
12-05-2023,19.16,19.36,19.0725,19.35,1717907,18.4269209,18.61926871,18.34276873,18.60965132,1717907,0,1
15-05-2023,19.38,19.41,19.15,19.18,1920397,18.6385035,18.66735567,18.41730351,18.44615568,1920397,0,1
16-05-2023,19.1,19.29,19.05,19.23,1667292,18.36921655,18.55194698,18.3211296,18.49424263,1667292,0,1
17-05-2023,19.54,19.56,19.13,19.14,1897371,18.79238175,18.81161653,18.39806872,18.40768611,1897371,0,1
18-05-2023,19.68,19.71,19.51,19.61,2101257,18.92702522,18.95587739,18.76352958,18.85970348,2101257,0,1
19-05-2023,20.09,20.165,19.95,20.13,4261111,19.32133825,19.39346868,19.18669477,19.35980781,4261111,0,1
22-05-2023,20.19,20.21,20.05,20.14,2112725,19.41751216,19.43674694,19.28286868,19.3694252,2112725,0,1
23-05-2023,19.87,20.18,19.87,20.04,2031877,19.10975565,19.40789476,19.10975565,19.27325129,2031877,0,1
24-05-2023,19.67,19.85,19.605,19.84,2459066,18.91740783,19.09052087,18.85489479,19.08090347,2459066,0,1
25-05-2023,19.6,19.715,19.43,19.66,2029631,18.85008609,18.96068609,18.68659045,18.90779044,2029631,0,1
26-05-2023,19.85,19.91,19.57,19.58,1348732,19.09052087,19.14822521,18.82123392,18.83085131,1348732,0,1
30-05-2023,19.47,19.8193,19.4,19.75,2273797,18.72506001,19.06099548,18.65773828,18.99434696,2273797,0,1
31-05-2023,18.91,19.08,18.765,19.06,3336697,18.18648612,18.34998177,18.04703396,18.33074699,3336697,0,1
01-06-2023,19.52,19.63,19.24,19.29,2428712,18.77314697,18.87893827,18.50386002,18.55194698,2428712,0,1
02-06-2023,19.97,20.04,19.82,19.88,2359880,19.20592956,19.27325129,19.06166869,19.11937304,2359880,0,1
05-06-2023,20,20.09,19.925,20.04,2212964,19.23478173,19.32133825,19.1626513,19.27325129,2212964,0,1
06-06-2023,20.3,20.3,19.95,19.98,2715648,19.52330345,19.52330345,19.18669477,19.21554695,2715648,0,1
07-06-2023,20.26,20.32,20.115,20.18,4003122,19.48483389,19.54253824,19.34538172,19.40789476,4003122,0,1
08-06-2023,20.25,20.33,20.17,20.32,2993562,19.4752165,19.55215563,19.39827737,19.54253824,2993562,0,1
09-06-2023,20.19,20.325,20.14,20.15,3108651,19.41751216,19.54734693,19.3694252,19.37904259,3108651,0,1
12-06-2023,20.29,20.345,20.141,20.24,2260196,19.51368606,19.56658171,19.37038694,19.46559911,2260196,0,1
13-06-2023,20.28,20.465,20.25,20.32,2983834,19.50406867,19.6819904,19.4752165,19.54253824,2983834,0,1
14-06-2023,20.49,20.685,20.39,20.5,3186254,19.70603388,19.893573,19.60985997,19.71565127,3186254,0,1
15-06-2023,20.42,20.46,20.24,20.29,4504957,19.63871214,19.67718171,19.46559911,19.51368606,4504957,0,1
16-06-2023,20.41,20.58,20.3901,20.57,2525691,19.62909475,19.7925904,19.60995615,19.78297301,2525691,0,1
20-06-2023,20.09,20.35,20.06,20.34,2603212,19.32133825,19.57139041,19.29248607,19.56177302,2603212,0,1
21-06-2023,20.05,20.17,20.03,20.09,1793808,19.28286868,19.39827737,19.2636339,19.32133825,1793808,0,1
22-06-2023,19.9,19.99,19.84,19.94,2710338,19.13860782,19.22516434,19.08090347,19.17707738,2710338,0,1
23-06-2023,19.76,19.835,19.69,19.75,2532568,19.00396435,19.07609478,18.93664261,18.99434696,2532568,0,1
26-06-2023,19.56,19.77,19.56,19.63,2374550,18.81161653,19.01358174,18.81161653,18.87893827,2374550,0,1
27-06-2023,19.88,19.98,19.48,19.55,4054145,19.11937304,19.21554695,18.7346774,18.80199914,4054145,0,1
28-06-2023,19.83,19.88,19.75,19.78,2251517,19.07128608,19.11937304,18.99434696,19.02319913,2251517,0,1
29-06-2023,20.01,20.04,19.81,19.82,2347455,19.24439912,19.27325129,19.0520513,19.06166869,2347455,0,1
30-06-2023,20.27,20.32,20.18,20.21,2348169,19.49445128,19.54253824,19.40789476,19.43674694,2348169,0,1
03-07-2023,20.47,20.475,20.2721,20.34,1366068,19.6867991,19.69160779,19.49647093,19.56177302,1366068,0,1
05-07-2023,19.89,20.14,19.87,20.12,1965134,19.12899043,19.3694252,19.10975565,19.35019042,1965134,0,1
06-07-2023,19.39,19.61,19.255,19.6,2375785,18.64812089,18.85970348,18.51828611,18.85008609,2375785,0,1
07-07-2023,19.85,19.93,19.65,19.67,2994272,19.09052087,19.16745999,18.89817305,18.91740783,2994272,0,1
10-07-2023,20.04,20.07,19.905,19.92,2221529,19.27325129,19.30210346,19.14341652,19.1578426,2221529,0,1
11-07-2023,20.31,20.35,20.172,20.24,2015871,19.53292085,19.57139041,19.40020085,19.46559911,2015871,0,1
12-07-2023,20.69,20.8899,20.64,20.65,2007617,19.8983817,20.09063334,19.85029474,19.85991213,2007617,0,1
13-07-2023,21.14,21.14,20.975,21.01,1899266,20.33116429,20.33116429,20.17247734,20.20613821,1899266,0,1
14-07-2023,20.91,21.18,20.85,21.17,2390133,20.1099643,20.36963385,20.05225995,20.36001646,2390133,0,1
17-07-2023,21.06,21.14,21.025,21.07,1934168,20.25422516,20.33116429,20.22056429,20.26384255,1934168,0,1
18-07-2023,21.33,21.37,21.06,21.08,1865432,20.51389471,20.55236428,20.25422516,20.27345994,1865432,0,1
19-07-2023,21.33,21.46,21.265,21.42,1919480,20.51389471,20.63892079,20.45138167,20.60045123,1919480,0,1
20-07-2023,21.24,21.45,21.19,21.36,3309787,20.4273382,20.6293034,20.37925124,20.54274689,3309787,0,1
21-07-2023,21.29,21.4401,21.27,21.43,1567413,20.47542515,20.61978219,20.45619037,20.61006862,1567413,0,1
24-07-2023,21.42,21.54,21.37,21.47,2787848,20.60045123,20.71585992,20.55236428,20.64853819,2787848,0,1
25-07-2023,21.71,21.78,21.62,21.68,2218819,20.87935557,20.9466773,20.79279905,20.85050339,2218819,0,1
26-07-2023,21.9,21.94,21.59,21.63,1875726,21.06208599,21.10055556,20.76394688,20.80241644,1875726,0,1
27-07-2023,21.72,22.09,21.64,22.08,2136275,20.88897296,21.24481642,20.81203383,21.23519903,2136275,0,1
28-07-2023,22.26,22.27,22.05,22.11,2957206,21.40831206,21.41792945,21.20634686,21.2640512,2957206,0,1
31-07-2023,22.17,22.21,22.055,22.06,1654199,21.32175555,21.36022511,21.21115555,21.21596425,1654199,0,1
01-08-2023,21.86,22.06,21.75,22,2237154,21.02361643,21.21596425,20.91782513,21.1582599,2237154,0,1
02-08-2023,21.41,21.545,21.34,21.5,3702419,20.59083384,20.72066862,20.5235121,20.67739036,3702419,0,1
03-08-2023,21.66,21.6979,21.34,21.43,2009160,20.83126861,20.86771852,20.5235121,20.61006862,2009160,0,1
04-08-2023,21.88,22.13,21.805,21.85,2168853,21.04285121,21.28328598,20.97072078,21.01399904,2168853,0,1
07-08-2023,22.17,22.2,22,22.02,1602307,21.32175555,21.35060772,21.1582599,21.17749468,1602307,0,1
08-08-2023,22.03,22.03,21.695,21.81,2223453,21.18711207,21.18711207,20.86492948,20.97552948,2223453,0,1
09-08-2023,21.96,22.175,21.93,22.11,1380399,21.11979034,21.32656424,21.09093817,21.2640512,1380399,0,1
10-08-2023,22.12,22.4,22.04,22.27,2084984,21.27366859,21.54295554,21.19672946,21.41792945,2084984,0,1
11-08-2023,23.36,23.37,22.9,23,5948471,22.46622506,22.47584245,22.02382508,22.11999899,5948471,0,1
14-08-2023,23.59,23.63,23.21,23.25,3531942,22.68742505,22.72589461,22.3219642,22.36043376,3531942,0,1
15-08-2023,23.41,23.55,23.19,23.48,4225471,22.51431201,22.64895549,22.30272941,22.58163375,4225471,0,1
16-08-2023,23.4,23.6472,23.38,23.47,2354665,22.50469462,22.74243652,22.48545984,22.57201636,2354665,0,1
17-08-2023,23.5,23.735,23.39,23.56,3319386,22.60086853,22.82687722,22.49507723,22.65857288,3319386,0,1
18-08-2023,23.43,23.505,23.14,23.17,2159018,22.5335468,22.60567723,22.25464246,22.28349463,2159018,0,1
21-08-2023,23.49,23.55,23.2895,23.45,2089767,22.59125114,22.64895549,22.39842245,22.55278158,2089767,0,1
22-08-2023,23.73,23.94,23.69,23.85,2688505,22.82206852,23.02403373,22.78359896,22.93747721,2688505,0,1
23-08-2023,24.32,24.345,24.06,24.06,2128580,23.38949458,23.41353806,23.13944242,23.13944242,2128580,0,1
24-08-2023,24.65,25.0195,24.6,24.82,4329692,23.70686848,24.06223107,23.65878153,23.87036413,4329692,0,1
25-08-2023,24.58,24.66,24.2,24.5,4430272,23.63954674,23.71648587,23.27408589,23.56260762,4430272,0,1
28-08-2023,24.93,25.03,24.545,24.58,4333335,23.97615542,24.07232933,23.60588588,23.63954674,4333335,0,1
29-08-2023,25.14,25.19,24.71,24.71,4486512,24.17812063,24.22620759,23.76457283,23.76457283,4486512,0,1
30-08-2023,25.29,25.405,25.16,25.3,4901145,24.3223815,24.43298149,24.19735541,24.33199889,4901145,0,1
31-08-2023,26.71,26.97,26.38,26.6,9977199,25.688051,25.93810316,25.3706771,25.5822597,9977199,0,1
01-09-2023,26.34,26.64,26.32,26.33,4696160,25.33220754,25.62072926,25.31297275,25.32259015,4696160,0,1
05-09-2023,26.4,26.74,26.395,26.69,4005416,25.38991188,25.71690317,25.38510319,25.66881622,4005416,0,1
06-09-2023,25.81,26.1,25.695,25.96,4104297,24.82248582,25.10139016,24.71188583,24.96674668,4104297,0,1
07-09-2023,25.74,25.77,25.53,25.62,3332772,24.75516408,24.78401626,24.55319888,24.63975539,3332772,0,1
08-09-2023,25.5,25.59,25.22,25.37,3050200,24.5243467,24.61090322,24.25505976,24.39932062,3050200,0,1
11-09-2023,25.62,25.86,25.5509,25.71,3446568,24.63975539,24.87057278,24.57329922,24.72631191,3446568,0,1
12-09-2023,25.79,25.95,25.56,25.62,3087519,24.80325104,24.95712929,24.58205105,24.63975539,3087519,0,1
13-09-2023,25.99,26.245,25.9,26.09,3077399,24.99559886,25.24084232,24.90904234,25.09177277,3077399,0,1
14-09-2023,26.19,26.325,26.14,26.22,2677388,25.18794667,25.31778145,25.13985972,25.21679885,2677388,0,1
15-09-2023,26.02,26.345,25.94,26.04,4416786,25.02445103,25.33701623,24.9475119,25.04368581,4416786,0,1
18-09-2023,25.97,26.1106,25.8891,26.01,2390050,24.97636407,25.11158459,24.89855938,25.01483364,2390050,0,1
19-09-2023,26.06,26.11,25.96,25.99,2638014,25.06292059,25.11100755,24.96674668,24.99559886,2638014,0,1
20-09-2023,26.18,26.575,26.16,26.35,2922850,25.17832928,25.55821622,25.1590945,25.34182493,2922850,0,1
21-09-2023,25.66,25.8799,25.64,25.8,2703904,24.67822496,24.88971138,24.65899018,24.81286843,2703904,0,1
22-09-2023,25.35,25.615,25.32,25.57,2207351,24.38008584,24.6349467,24.35123367,24.59166844,2207351,0,1
25-09-2023,25.37,25.395,25.1106,25.24,1984451,24.39932062,24.4233641,24.1498455,24.27429454,1984451,0,1
26-09-2023,25.07,25.27,25,25.04,3063728,24.1107989,24.30314671,24.04347716,24.08194672,3063728,0,1
27-09-2023,24.34,24.365,24.03,24.23,6756297,23.40872936,23.43277284,23.11059025,23.30293806,6756297,0,1
28-09-2023,24.7,24.84,24.38,24.44,2828058,23.75495543,23.88959891,23.44719893,23.50490327,2828058,0,1
29-09-2023,24.65,24.94,24.575,24.92,2676734,23.70686848,23.98577282,23.63473805,23.96653803,2676734,0,1
02-10-2023,24.36,24.68,24.275,24.59,3140751,23.42796415,23.73572065,23.34621632,23.64916414,3140751,0,1
03-10-2023,23.85,24.06,23.715,23.98,4418911,22.93747721,23.13944242,22.80764243,23.06250329,4418911,0,1
04-10-2023,23.95,24.02,23.75,24,2689062,23.03365112,23.10097286,22.8413033,23.08173807,2689062,0,1
05-10-2023,24.08,24.12,23.87,23.87,2427244,23.1586772,23.19714676,22.95671199,22.95671199,2427244,0,1
06-10-2023,24.59,24.68,24.11,24.28,4454527,23.64916414,23.73572065,23.18752937,23.35102502,4454527,0,1
09-10-2023,24.62,24.63,24.275,24.37,2761669,23.67801631,23.6876337,23.34621632,23.43758154,2761669,0,1
10-10-2023,24.71,24.87,24.671,24.72,2611454,23.76457283,23.91845108,23.727065,23.77419022,2611454,0,1
11-10-2023,25.23,25.295,25.0516,25.13,2906443,24.26467715,24.32719019,24.0931029,24.16850324,2906443,0,1
12-10-2023,24.79,25.03,24.63,25.01,2666223,23.84151195,24.07232933,23.6876337,24.05309455,2666223,0,1
13-10-2023,24.31,24.605,24.22,24.48,3270338,23.37987719,23.66359022,23.29332067,23.54337284,3270338,0,1
16-10-2023,24.92,25,24.71,24.76,2462405,23.96653803,24.04347716,23.76457283,23.81265978,2462405,0,1
17-10-2023,25.07,25.21,24.72,24.72,2900585,24.1107989,24.24544237,23.77419022,23.77419022,2900585,0,1
18-10-2023,24.39,24.79,24.32,24.76,3945993,23.45681632,23.84151195,23.38949458,23.81265978,3945993,0,1
19-10-2023,24.05,24.395,24.01,24.16,3293516,23.12982503,23.46162501,23.09135547,23.23561633,3293516,0,1
20-10-2023,23.72,23.965,23.6,23.87,2992562,22.81245113,23.04807721,22.69704244,22.95671199,2992562,0,1
23-10-2023,23.64,23.9075,23.555,23.63,2003555,22.735512,22.99277721,22.65376418,22.72589461,2003555,0,1
24-10-2023,23.83,23.84,23.555,23.62,2630094,22.91824243,22.92785982,22.65376418,22.71627722,2630094,0,1
25-10-2023,23.79,23.995,23.665,23.86,1870292,22.87977287,23.07692938,22.75955548,22.9470946,1870292,0,1
26-10-2023,23.6,23.855,23.545,23.71,2632822,22.69704244,22.94228591,22.64414679,22.80283374,2632822,0,1
27-10-2023,23.36,23.693,23.28,23.66,2178216,22.46622506,22.78648417,22.38928593,22.75474678,2178216,0,1
30-10-2023,23.71,23.74,23.52,23.55,1913712,22.80283374,22.83168591,22.62010331,22.64895549,1913712,0,1
31-10-2023,23.46,23.48,23.23,23.35,3011826,22.56239897,22.58163375,22.34119898,22.45660767,3011826,0,1
01-11-2023,24.03,24.115,23.735,23.78,3127270,23.11059025,23.19233807,22.82687722,22.87015548,3127270,0,1
02-11-2023,24.3,24.33,24.0925,24.13,3221326,23.3702598,23.39911197,23.17069894,23.20676416,3221326,0,1
03-11-2023,24.47,24.57,24.28,24.28,3344191,23.53375544,23.62992935,23.35102502,23.35102502,3344191,0,1
06-11-2023,24.35,24.5,24.29,24.47,2417358,23.41834675,23.56260762,23.36064241,23.53375544,2417358,0,1
07-11-2023,24.92,25.2765,24.645,24.98,3768200,23.96653803,24.30939802,23.70205979,24.02424238,3768200,0,1
08-11-2023,24.78,25.025,24.745,24.76,2634702,23.83189456,24.06752064,23.79823369,23.81265978,2634702,0,1
09-11-2023,24.51,24.885,24.5,24.78,2270865,23.57222501,23.93287717,23.56260762,23.83189456,2270865,0,1
10-11-2023,24.54,24.545,24.23,24.44,1335351,23.60107718,23.60588588,23.30293806,23.50490327,1335351,0,1
13-11-2023,24.11,24.3,24.07,24.12,1968256,23.18752937,23.3702598,23.14905981,23.19714676,1968256,0,1
14-11-2023,24.89,24.96,24.38,24.4,3016584,23.93768586,24.0050076,23.44719893,23.46643371,3016584,0,1
15-11-2023,25.46,25.57,25.24,25.33,3994054,24.48587714,24.59166844,24.27429454,24.36085106,3994054,0,1
16-11-2023,25.44,25.45,25.265,25.35,2111282,24.46664236,24.47625975,24.29833802,24.38008584,2111282,0,1
17-11-2023,26.19,26.245,25.86,25.89,2803658,25.18794667,25.24084232,24.87057278,24.89942495,2803658,0,1
20-11-2023,26.21,26.34,26.14,26.18,1768198,25.20718146,25.33220754,25.13985972,25.17832928,1768198,0,1
21-11-2023,25.94,26.17,25.94,26.09,1532475,24.9475119,25.16871189,24.9475119,25.09177277,1532475,0,1
22-11-2023,26.09,26.1399,25.98,26.09,1574143,25.09177277,25.13976355,24.98598147,25.09177277,1574143,0,1
24-11-2023,26.33,26.485,26.32,26.42,1307746,25.32259015,25.4716597,25.31297275,25.40914666,1307746,0,1
27-11-2023,26.18,26.23,26.0499,26.15,1315411,25.17832928,25.22641624,25.05320703,25.14947711,1315411,0,1
28-11-2023,26.3,26.445,26.235,26.31,2041432,25.29373797,25.43319014,25.23122493,25.30335536,2041432,0,1
29-11-2023,27.35,27.495,26.855,26.88,3678705,26.30356401,26.44301618,25.82750317,25.85154664,3678705,0,1
30-11-2023,28.25,28.455,27.9,28.08,6111156,27.16912919,27.3662857,26.83252051,27.00563355,6111156,0,1
01-12-2023,28.68,28.735,28.28,28.33,3289664,27.582677,27.63557265,27.19798136,27.24606832,3289664,0,1
04-12-2023,28.42,28.495,28.12,28.12,2597438,27.33262484,27.40475527,27.04410311,27.04410311,2597438,0,1
05-12-2023,27.72,27.85,27.46,27.78,3299060,26.65940748,26.78443356,26.40935531,26.71711182,3299060,0,1
06-12-2023,27.83,28.565,27.79,28.52,3598334,26.76519878,27.472077,26.72672921,27.42879875,3598334,0,1
07-12-2023,28.17,28.18,27.885,27.91,1764853,27.09219006,27.10180746,26.81809443,26.8421379,1764853,0,1
08-12-2023,28.51,28.54,28.205,28.3,2540580,27.41918135,27.44803353,27.12585093,27.21721615,2540580,0,1
11-12-2023,28.48,28.585,28.385,28.48,2073216,27.39032918,27.49131179,27.29896397,27.39032918,2073216,0,1
12-12-2023,28.55,28.59,28.415,28.46,2755267,27.45765092,27.49612048,27.32781614,27.3710944,2755267,0,1
13-12-2023,28.96,29.065,28.44,28.69,2389328,27.85196394,27.95294655,27.35185962,27.59229439,2389328,0,1
14-12-2023,29.75,30.2,29.64,29.75,5712859,28.61173782,29.04452041,28.50594652,28.61173782,5712859,0,1
15-12-2023,29.28,29.735,29.22,29.58,6873979,28.15972045,28.59731174,28.10201611,28.44824218,6873979,0,1
18-12-2023,29.2,29.37,29.1,29.35,3511591,28.08278132,28.24627697,27.98660742,28.22704219,3511591,0,1
19-12-2023,30.71,30.93,30,30.14,12475123,29.53500734,29.74658994,28.85217259,28.98681607,12475123,0,1
20-12-2023,30.33,30.85,30.28,30.5,7621101,29.16954649,29.66965082,29.12145954,29.33304214,7621101,0,1
21-12-2023,30.67,30.825,30.455,30.74,4531272,29.49653778,29.64560734,29.28976388,29.56385952,4531272,0,1
22-12-2023,30.89,31.13,30.725,30.76,4259050,29.70812038,29.93893776,29.54943343,29.5830943,4259050,0,1
26-12-2023,31.04,31.15,30.79,30.79,4223625,29.85238124,29.95817254,29.61194647,29.61194647,4223625,0,1
27-12-2023,31.19,31.395,30.915,30.94,4925225,29.99664211,30.19379862,29.73216386,29.75620733,4925225,0,1
28-12-2023,30.91,31.2392,30.79,31.09,5505014,29.72735516,30.04395967,29.61194647,29.9004682,5505014,0,1
29-12-2023,30.9,31.2684,30.8,30.98,5933243,29.71773777,30.07204245,29.62156386,29.7946769,5933243,0,1
02-01-2024,30.4,30.62,30.38,30.6,3973929,29.23686823,29.44845083,29.21763345,29.42921604,3973929,0,1
03-01-2024,29.3,29.54,29.07,29.49,6129317,28.17895523,28.40977261,27.95775524,28.36168566,6129317,0,1
04-01-2024,29.57,29.945,29.4899,29.51,3917860,28.43862479,28.79927694,28.36158948,28.38092044,3917860,0,1
05-01-2024,29.92,30.2,29.8,29.84,3281894,28.77523347,29.04452041,28.65982478,28.69829434,3281894,0,1
08-01-2024,30.35,30.355,30.065,30.17,3189015,29.18878127,29.19358997,28.91468563,29.01566824,3189015,0,1
09-01-2024,29.72,30.07,29.71,29.97,2571804,28.58288565,28.91949433,28.57326826,28.82332042,2571804,0,1
10-01-2024,29.92,30.03,29.795,30.02,2910163,28.77523347,28.88102477,28.65501608,28.87140737,2910163,0,1
11-01-2024,29.49,29.92,29.145,29.86,3264171,28.36168566,28.77523347,28.02988567,28.71752912,3264171,0,1
12-01-2024,29.8,29.92,29.59,29.81,1913717,28.65982478,28.77523347,28.45785957,28.66944217,1913717,0,1
16-01-2024,29.47,29.53,29.18,29.3,1744223,28.34245088,28.40015522,28.06354654,28.17895523,1744223,0,1
17-01-2024,29.14,29.23,28.86,28.89,2131227,28.02507698,28.1116335,27.75579003,27.78464221,2131227,0,1
18-01-2024,29.36,29.47,29.15,29.41,2312203,28.23665958,28.34245088,28.03469437,28.28474653,2312203,0,1
19-01-2024,29.02,29.035,28.52,28.85,3659963,27.90966829,27.92409437,27.42879875,27.74617264,3659963,0,1
22-01-2024,29.11,29.275,29.07,29.19,2383584,27.99622481,28.15491176,27.95775524,28.07316393,2383584,0,1
23-01-2024,28.93,29.041,28.76,28.98,2707346,27.82311177,27.92986481,27.65961613,27.87119872,2707346,0,1
24-01-2024,29.5,29.665,29.44,29.56,2800421,28.37130305,28.52999,28.3135987,28.42900739,2800421,0,1
25-01-2024,29.69,29.775,29.53,29.77,2402751,28.55403348,28.6357813,28.40015522,28.6309726,2402751,0,1
26-01-2024,29.87,29.925,29.74,29.86,2364344,28.72714651,28.78004216,28.60212043,28.71752912,2364344,0,1
29-01-2024,29.97,29.97,29.63,29.73,2555985,28.82332042,28.82332042,28.49632913,28.59250304,2555985,0,1
30-01-2024,30.23,30.26,29.9,30.07,2373657,29.07337258,29.10222476,28.75599868,28.91949433,2373657,0,1
31-01-2024,29.91,30.49,29.895,30.33,2031638,28.76561608,29.32342475,28.75118999,29.16954649,2031638,0,1
01-02-2024,29.51,29.575,29.06,29.45,3032818,28.38092044,28.44343348,27.94813785,28.3232161,3032818,0,1
02-02-2024,29.84,29.905,29.47,29.47,1995814,28.69829434,28.76080738,28.34245088,28.34245088,1995814,0,1
05-02-2024,29.79,29.875,29.295,29.54,2567917,28.65020738,28.73195521,28.17414654,28.40977261,2567917,0,1
06-02-2024,28.15,28.4461,28.01,28.37,6387247,27.07295528,27.35772623,26.93831181,27.28453788,6387247,0,1
07-02-2024,27.76,27.93,27.335,27.82,6342595,26.69787704,26.86137268,26.28913793,26.75558138,6342595,0,1
08-02-2024,27.79,28.08,27.565,27.99,3369961,26.72672921,27.00563355,26.51033792,26.91907703,3369961,0,1
09-02-2024,27.9,27.9,27.575,27.71,2593792,26.83252051,26.83252051,26.51995531,26.64979009,2593792,0,1
12-02-2024,27.92,28.125,27.83,27.83,2169774,26.85175529,27.04891181,26.76519878,26.76519878,2169774,0,1
13-02-2024,27.05,27.27,26.89,27.25,3737587,26.01504229,26.22662489,25.86116403,26.20739011,3737587,0,1
14-02-2024,27.47,27.51,27.29,27.41,2270677,26.4189727,26.45744227,26.24585967,26.36126836,2270677,0,1
15-02-2024,27.87,27.915,27.66,27.66,3213229,26.80366834,26.8469466,26.60170313,26.60170313,3213229,0,1
16-02-2024,27.66,27.88,27.64,27.75,1801249,26.60170313,26.81328573,26.58246835,26.68825965,1801249,0,1
20-02-2024,27.79,27.855,27.67,27.71,2005023,26.72672921,26.78924225,26.61132052,26.64979009,2005023,0,1
21-02-2024,27.82,27.9,27.61,27.68,1643117,26.75558138,26.83252051,26.55361618,26.62093791,1643117,0,1
22-02-2024,28.06,28.17,27.9,27.98,3390574,26.98639877,27.09219006,26.83252051,26.90945964,3390574,0,1
23-02-2024,28.05,28.18,27.985,28.14,1818814,26.97678137,27.10180746,26.91426833,27.06333789,1818814,0,1
26-02-2024,28.35,28.55,28.2,28.43,1707831,27.2653031,27.45765092,27.12104224,27.34224223,1707831,0,1
27-02-2024,28.57,28.69,28.44,28.5,1953575,27.4768857,27.59229439,27.35185962,27.40956396,1953575,0,1
28-02-2024,28.5,28.66,28.495,28.55,1272217,27.40956396,27.56344222,27.40475527,27.45765092,1272217,0,1
29-02-2024,28.45,28.95,28.38,28.86,5955858,27.36147701,27.84234655,27.29415527,27.75579003,5955858,0,1
01-03-2024,28.95,29.005,28.57,28.79,2373853,27.84234655,27.8952422,27.4768857,27.6884683,2373853,0,1
04-03-2024,28.7,28.945,28.6476,28.65,2640236,27.60191178,27.83753786,27.55151665,27.55382483,2640236,0,1
05-03-2024,28.82,29.04,28.72,28.74,2468662,27.71732047,27.92890307,27.62114656,27.64038134,2468662,0,1
06-03-2024,29.14,29.45,29.015,29.45,5675633,28.02507698,28.3232161,27.90485959,28.3232161,5675633,0,1
07-03-2024,29.81,29.88,29.59,29.7,4522707,28.66944217,28.7367639,28.45785957,28.56365087,4522707,0,1
08-03-2024,30.85,31.19,30.69,30.91,5569837,29.66965082,29.99664211,29.51577256,29.72735516,5569837,0,1
11-03-2024,31.04,31.05,30.625,30.75,3349525,29.85238124,29.86199863,29.45325952,29.57347691,3349525,0,1
12-03-2024,31.65,31.66,31.135,31.27,3218080,30.43904209,30.44865948,29.94374646,30.07358123,3218080,0,1
13-03-2024,31.73,31.89,31.58,31.59,2207551,30.51598121,30.66985947,30.37172035,30.38133774,2207551,0,1
14-03-2024,31.31,31.675,31.225,31.59,3061242,30.1120508,30.46308556,30.03030297,30.38133774,3061242,0,1
15-03-2024,31.93,32.13,31.57,31.66,3577015,30.70832903,30.90067685,30.36210296,30.44865948,3577015,0,1
18-03-2024,31.55,31.71,31.52,31.68,2039158,30.34286818,30.49674643,30.314016,30.46789426,2039158,0,1
19-03-2024,31.15,31.5,31.135,31.44,3234342,29.95817254,30.29478122,29.94374646,30.23707688,3234342,0,1
20-03-2024,31.22,31.25,30.61,30.7,3248163,30.02549428,30.05434645,29.43883344,29.52538995,3248163,0,1
21-03-2024,31.25,31.33,31.04,31.21,4223802,30.05434645,30.13128558,29.85238124,30.01587689,4223802,0,1
22-03-2024,31.24,31.29,31.045,31.25,2210237,30.04472906,30.09281601,29.85718994,30.05434645,2210237,0,1
25-03-2024,31.5,31.59,31.22,31.25,2798934,30.29478122,30.38133774,30.02549428,30.05434645,2798934,0,1
26-03-2024,31.15,31.47,31.14,31.42,1553770,29.95817254,30.26592905,29.94855515,30.2178421,1553770,0,1
27-03-2024,31.4,31.4,31.15,31.24,3203846,30.19860731,30.19860731,29.95817254,30.04472906,3203846,0,1
28-03-2024,30.72,30.81,30.49,30.49,2956635,29.54462474,29.63118125,29.32342475,29.32342475,2956635,0,1
01-04-2024,30.48,30.82,30.405,30.79,1691314,29.31380735,29.64079864,29.24167692,29.61194647,1691314,0,1
02-04-2024,30.5,30.64,30.355,30.45,2189126,29.33304214,29.46768561,29.19358997,29.28495518,2189126,0,1
03-04-2024,31.13,31.17,30.54,30.57,2160014,29.93893776,29.97740732,29.3715117,29.40036387,2160014,0,1
04-04-2024,31.05,31.69,30.995,31.42,2493427,29.86199863,30.47751165,29.80910298,30.2178421,2493427,0,1
05-04-2024,31.27,31.42,30.89,30.9,2397380,30.07358123,30.2178421,29.70812038,29.71773777,2397380,0,1
08-04-2024,31.15,31.325,31.04,31.25,2949466,29.95817254,30.12647688,29.85238124,30.05434645,2949466,0,1
09-04-2024,30.8,31.3095,30.65,31.24,2339736,29.62156386,30.11156993,29.477303,30.04472906,2339736,0,1
10-04-2024,29.45,29.9,29.38,29.83,3518517,28.3232161,28.75599868,28.25589436,28.68867695,3518517,0,1
11-04-2024,29.12,29.235,28.73,29.14,3602291,28.0058422,28.11644219,27.63076395,28.02507698,3602291,0,1
12-04-2024,28.73,29.18,28.68,29.14,2178481,27.63076395,28.06354654,27.582677,28.02507698,2178481,0,1
15-04-2024,28.42,29.15,28.365,29.09,2021738,27.33262484,28.03469437,27.27972919,27.97699002,2021738,0,1
16-04-2024,27.99,28.21,27.87,28.19,2418829,26.91907703,27.13065963,26.80366834,27.11142485,2418829,0,1
17-04-2024,28.11,28.375,27.9101,28.32,2356588,27.03448572,27.28934658,26.84223408,27.23645093,2356588,0,1
18-04-2024,28.12,28.36,27.96,28,2292123,27.04410311,27.27492049,26.89022486,26.92869442,2292123,0,1
19-04-2024,28.06,28.295,28.005,28.12,1949007,26.98639877,27.21240745,26.93350312,27.04410311,1949007,0,1
22-04-2024,27.97,28.08,27.69,27.83,3376741,26.89984225,27.00563355,26.6305553,26.76519878,3376741,0,1
23-04-2024,28.39,28.4375,28.15,28.19,3168603,27.30377266,27.34945527,27.07295528,27.11142485,3168603,0,1
24-04-2024,27.36,27.8,27.24,27.65,3248991,26.3131814,26.7363466,26.19777271,26.59208574,3248991,0,1
25-04-2024,27.49,27.53,27.1,27.3,2514776,26.43820749,26.47667705,26.06312924,26.25547706,2514776,0,1
26-04-2024,27.38,27.49,27.155,27.25,1800506,26.33241619,26.43820749,26.11602489,26.20739011,1800506,0,1
29-04-2024,27.39,27.595,27.29,27.58,2501616,26.34203358,26.53919009,26.24585967,26.524764,2501616,0,1
30-04-2024,26.85,27.295,26.8,27.24,2869866,26.49591183,26.93504333,26.44657121,26.88076865,2869866,0.7,1
01-05-2024,26.19,26.57,26.005,26.29,1789015,26.19,26.57,26.005,26.29,1789015,0.35,1
02-05-2024,26.82,26.87,26.48,26.71,3959486,26.82,26.87,26.48,26.71,3959486,0,1
03-05-2024,27.17,27.24,26.975,27.13,2124016,27.17,27.24,26.975,27.13,2124016,0,1
06-05-2024,27.6,27.6,27.35,27.41,2687040,27.6,27.6,27.35,27.41,2687040,0,1
07-05-2024,29.54,30.09,29.285,30.09,5554796,29.54,30.09,29.285,30.09,5554796,0,1
08-05-2024,28.83,29.1,28.825,28.95,3135280,28.83,29.1,28.825,28.95,3135280,0,1
09-05-2024,28.97,28.98,28.75,28.88,2408264,28.97,28.98,28.75,28.88,2408264,0,1
10-05-2024,29.7,29.85,29.52,29.54,2608076,29.7,29.85,29.52,29.54,2608076,0,1
13-05-2024,29.68,29.995,29.665,29.95,1873175,29.68,29.995,29.665,29.95,1873175,0,1
14-05-2024,30.16,30.195,29.89,29.92,2188268,30.16,30.195,29.89,29.92,2188268,0,1
15-05-2024,30.66,30.66,30.495,30.52,2060403,30.66,30.66,30.495,30.52,2060403,0,1
16-05-2024,30.02,30.385,30.01,30.31,1803422,30.02,30.385,30.01,30.31,1803422,0,1
17-05-2024,30.34,30.39,30.21,30.29,1084205,30.34,30.39,30.21,30.29,1084205,0,1
20-05-2024,30.1,30.36,30.1,30.22,1275103,30.1,30.36,30.1,30.22,1275103,0,1
21-05-2024,30.4,30.425,30.045,30.07,1250166,30.4,30.425,30.045,30.07,1250166,0,1
22-05-2024,30.05,30.309,29.97,30.2,989778,30.05,30.309,29.97,30.2,989778,0,1
23-05-2024,30.19,30.5762,30.095,30.5,2277735,30.19,30.5762,30.095,30.5,2277735,0,1
24-05-2024,30.87,30.88,30.51,30.53,1619344,30.87,30.88,30.51,30.53,1619344,0,1
28-05-2024,30.87,31.085,30.815,30.94,1619943,30.87,31.085,30.815,30.94,1619943,0,1
29-05-2024,30.51,30.65,30.45,30.57,1641083,30.51,30.65,30.45,30.57,1641083,0,1
30-05-2024,31.23,31.26,30.93,30.96,1321750,31.23,31.26,30.93,30.96,1321750,0,1
31-05-2024,31.88,31.945,31.355,31.41,2885035,31.88,31.945,31.355,31.41,2885035,0,1
03-06-2024,31.69,31.9,31.565,31.77,2121623,31.69,31.9,31.565,31.77,2121623,0,1
04-06-2024,31.22,31.44,31.1,31.37,1035246,31.22,31.44,31.1,31.37,1035246,0,1
05-06-2024,31.29,31.38,31.13,31.32,1137713,31.29,31.38,31.13,31.32,1137713,0,1
06-06-2024,31.69,31.83,31.59,31.69,1538806,31.69,31.83,31.59,31.69,1538806,0,1
07-06-2024,31.62,31.9,31.6,31.68,1637938,31.62,31.9,31.6,31.68,1637938,0,1
10-06-2024,31.26,31.35,31.03,31.17,1131863,31.26,31.35,31.03,31.17,1131863,0,1
11-06-2024,30.86,31.05,30.73,31.05,1833026,30.86,31.05,30.73,31.05,1833026,0,1
12-06-2024,31.14,31.49,31.07,31.37,1740640,31.14,31.49,31.07,31.37,1740640,0,1
13-06-2024,30.42,30.82,30.295,30.81,3235802,30.42,30.82,30.295,30.81,3235802,0,1
14-06-2024,30.4,30.42,30,30.2,1583768,30.4,30.42,30,30.2,1583768,0,1
17-06-2024,30.99,31.085,30.605,30.8,2082407,30.99,31.085,30.605,30.8,2082407,0,1
18-06-2024,31.18,31.325,31.11,31.12,1696845,31.18,31.325,31.11,31.12,1696845,0,1
20-06-2024,31.2,31.315,30.92,30.98,2487336,31.2,31.315,30.92,30.98,2487336,0,1
21-06-2024,30.24,30.67,30.03,30.64,3257638,30.24,30.67,30.03,30.64,3257638,0,1
24-06-2024,30.6,30.7,30.505,30.54,1155131,30.6,30.7,30.505,30.54,1155131,0,1
25-06-2024,29.8,29.85,29.51,29.65,2551342,29.8,29.85,29.51,29.65,2551342,0,1
26-06-2024,29.21,29.45,29.12,29.22,4455860,29.21,29.45,29.12,29.22,4455860,0,1
27-06-2024,29.46,29.52,29.31,29.4,1555472,29.46,29.52,29.31,29.4,1555472,0,1
28-06-2024,29.54,29.59,29.38,29.39,1435640,29.54,29.59,29.38,29.39,1435640,0,1
