Date,Original,Predicted
2016-01-04,57.39000000000001,
2016-01-05,58.55,
2016-01-06,59.169999999999995,
2016-01-07,58.13999999999999,
2016-01-08,58.239999999999995,
2016-01-11,59.46,
2016-01-12,59.38,
2016-01-13,57.78,
2016-01-14,58.220000000000006,
2016-01-15,57.2,
2016-01-19,58.4,
2016-01-20,57.21999999999999,
2016-01-21,57.45000000000001,
2016-01-22,58.28000000000001,
2016-01-25,58.4,
2016-01-26,58.96,
2016-01-27,58.96,
2016-01-28,59.63,
2016-01-29,61.11,
2016-02-01,60.94,
2016-02-02,60.49,
2016-02-03,59.84,
2016-02-04,59.48,
2016-02-05,59.79999999999999,
2016-02-08,60.12,
2016-02-09,60.45,
2016-02-10,60.05,
2016-02-11,59.989999999999995,
2016-02-12,59.970000000000006,
2016-02-16,60.3,
2016-02-17,60.4,
2016-02-18,60.62,
2016-02-19,60.56,
2016-02-22,61.21,
2016-02-23,61.52,
2016-02-24,61.36,
2016-02-25,62.38,
2016-02-26,61.54,
2016-02-29,61.57,
2016-03-01,61.730000000000004,
2016-03-02,61.5,
2016-03-03,62.23,
2016-03-04,62.98,
2016-03-07,61.809999999999995,
2016-03-08,62.3,
2016-03-09,62.81000000000001,
2016-03-10,63.0,
2016-03-11,62.01,
2016-03-14,62.01,
2016-03-15,61.86000000000001,
2016-03-16,62.07,
2016-03-17,62.33,
2016-03-18,61.54,
2016-03-21,61.71999999999999,
2016-03-22,61.00000000000001,
2016-03-23,61.41,
2016-03-24,60.879999999999995,
2016-03-28,61.63,
2016-03-29,62.03,
2016-03-30,62.57999999999999,
2016-03-31,62.660000000000004,
2016-04-01,63.06,
2016-04-04,63.23,
2016-04-05,62.93,
2016-04-06,63.559999999999995,
2016-04-07,63.40999999999999,
2016-04-08,63.8,
2016-04-11,63.31,
2016-04-12,63.82,
2016-04-13,62.07,
2016-04-14,61.59,
2016-04-15,61.67999999999999,
2016-04-18,62.17,
2016-04-19,61.709999999999994,
2016-04-20,61.48,
2016-04-21,60.18,
2016-04-22,60.52,
2016-04-25,61.22,
2016-04-26,61.35,
2016-04-27,61.54999999999999,
2016-04-28,62.19,
2016-04-29,62.71000000000001,
2016-05-02,63.12,
2016-05-03,63.2,
2016-05-04,63.23,
2016-05-05,62.84000000000001,
2016-05-06,62.93,
2016-05-09,63.66,
2016-05-10,64.6,
2016-05-11,64.61,
2016-05-12,65.02,
2016-05-13,64.58,
2016-05-16,64.76,
2016-05-17,63.88,
2016-05-18,62.99,
2016-05-19,63.35,
2016-05-20,62.96,
2016-05-23,63.24,
2016-05-24,63.79,
2016-05-25,63.92,
2016-05-26,64.0,64.27384185791016
2016-05-27,63.96,64.4281997680664
2016-05-31,63.64000000000001,64.43643951416016
2016-06-01,64.35,64.21516418457031
2016-06-02,64.31,64.53426361083984
2016-06-03,65.3,64.76416015625
2016-06-06,65.2,65.4210433959961
2016-06-07,65.1,65.71154022216797
2016-06-08,65.62,65.64120483398438
2016-06-09,65.86,65.88506317138672
2016-06-10,66.13,66.21256256103516
2016-06-13,64.84,66.49658966064453
2016-06-14,65.3,65.74346923828125
2016-06-15,65.33,65.52293395996094
2016-06-16,65.95,65.63348388671875
2016-06-17,65.4,66.1072769165039
2016-06-20,65.88,65.99153137207031
2016-06-21,66.18,66.11935424804688
2016-06-22,66.15,66.46328735351562
2016-06-23,66.31,66.60545349121094
2016-06-24,67.02,66.71102905273438
2016-06-27,67.93,67.22123718261719
2016-06-28,67.91,68.09097290039062
2016-06-29,67.83,68.44975280761719
2016-06-30,68.96,68.40298461914062
2016-07-01,69.02,69.07083892822266
2016-07-05,69.61,69.50565338134766
2016-07-06,69.72,69.94969177246094
2016-07-07,69.3,70.19094848632812
2016-07-08,69.83,69.9434585571289
2016-07-11,69.87,70.1122055053711
2016-07-12,68.87,70.28790283203125
2016-07-13,69.08,69.63826751708984
2016-07-14,68.92,69.3918228149414
2016-07-15,69.41,69.31759643554688
2016-07-18,69.17,69.63058471679688
2016-07-19,69.22,69.65306854248047
2016-07-20,69.01,69.63349151611328
2016-07-21,68.73,69.50944519042969
2016-07-22,68.86,69.26583862304688
2016-07-25,68.8,69.2555923461914
2016-07-26,67.93,69.26310729980469
2016-07-27,66.75,68.6668930053711
2016-07-28,67.11,67.54118347167969
2016-07-29,67.7,67.32108306884766
2016-08-01,67.65,67.8484878540039
2016-08-02,67.34,68.09752655029297
2016-08-03,66.37,67.896484375
2016-08-04,66.62,67.11809539794922
2016-08-05,66.53,66.91878509521484
2016-08-08,66.49,66.9345703125
2016-08-09,66.62,66.91461944580078
2016-08-10,66.84,66.97554016113281
2016-08-11,66.74,67.16473388671875
2016-08-12,66.74,67.1905288696289
2016-08-15,66.26,67.15816497802734
2016-08-16,66.26,66.8239517211914
2016-08-17,66.46,66.63430786132812
2016-08-18,66.31,66.7378158569336
2016-08-19,66.33,66.72195434570312
2016-08-22,66.34,66.68543243408203
2016-08-23,66.46,66.68426513671875
2016-08-24,66.16,66.77256774902344
2016-08-25,65.92,66.62577056884766
2016-08-26,65.83,66.35978698730469
2016-08-29,66.1,66.19270324707031
2016-08-30,65.88,66.33631896972656
2016-08-31,66.09,66.30592346191406
2016-09-01,66.32,66.3812484741211
2016-09-02,66.88,66.60062408447266
2016-09-06,67.2,67.0767822265625
2016-09-07,66.72,67.51293182373047
2016-09-08,66.4,67.33905792236328
2016-09-09,63.559999999999995,66.9380874633789
2016-09-12,64.67,64.88916015625
2016-09-13,63.550000000000004,64.5152816772461
2016-09-14,63.12,64.09837341308594
2016-09-15,63.25,63.54069137573242
2016-09-16,62.8,63.41851043701172
2016-09-19,62.720000000000006,63.21230697631836
2016-09-20,62.97,63.05891036987305
2016-09-21,63.49999999999999,63.20182418823242
2016-09-22,64.12,63.67523956298828
2016-09-23,63.87,64.32064056396484
2016-09-26,63.03,64.43748474121094
2016-09-27,63.32,63.81185531616211
2016-09-28,63.77000000000001,63.60205078125
2016-09-29,62.82,63.93464279174805
2016-09-30,63.23,63.539005279541016
2016-10-03,62.85000000000001,63.428585052490234
2016-10-04,61.779999999999994,63.255489349365234
2016-10-05,61.22,62.46380615234375
2016-10-06,61.779999999999994,61.65550231933594
2016-10-07,61.92000000000001,61.73454666137695
2016-10-10,61.74999999999999,62.07524108886719
2016-10-11,61.99000000000001,62.11845397949219
2016-10-12,62.53999999999999,62.21303939819336
2016-10-13,62.690000000000005,62.640785217285156
2016-10-14,62.44,62.99033737182617
2016-10-17,62.43,62.934791564941406
2016-10-18,62.660000000000004,62.811187744140625
2016-10-19,61.91,62.91013717651367
2016-10-20,61.85000000000001,62.526981353759766
2016-10-21,63.70000000000001,62.19411849975586
2016-10-24,64.95,63.265846252441406
2016-10-25,64.71,64.81109619140625
2016-10-26,64.52,65.29911041259766
2016-10-27,64.43,65.10392761230469
2016-10-28,65.88,64.87731170654297
2016-10-31,66.12,65.73051452636719
2016-11-01,65.48,66.44424438476562
2016-11-02,65.12,66.19731140136719
2016-11-03,65.07,65.66192626953125
2016-11-04,64.38,65.41088104248047
2016-11-07,65.27,64.93277740478516
2016-11-08,65.84,65.2603988647461
2016-11-09,64.04,65.95650482177734
2016-11-10,61.71999999999999,65.08955383300781
2016-11-11,61.760000000000005,62.89287185668945
2016-11-14,61.19,61.90647888183594
2016-11-15,61.809999999999995,61.53588104248047
2016-11-16,62.660000000000004,61.864349365234375
2016-11-17,62.81000000000001,62.686729431152344
2016-11-18,62.769999999999996,63.201900482177734
2016-11-21,63.69,63.29644775390625
2016-11-22,64.21,63.84586715698242
2016-11-23,64.02,64.52632904052734
2016-11-25,64.48,64.66377258300781
2016-11-28,64.83,64.85566711425781
2016-11-29,65.18,65.1793212890625
2016-11-30,63.93,65.52745056152344
2016-12-01,62.89,64.83736419677734
2016-12-02,63.99,63.63549041748047
2016-12-05,63.529999999999994,63.81144714355469
2016-12-06,64.3,63.918434143066406
2016-12-07,65.41,64.34575653076172
2016-12-08,65.36,65.32050323486328
2016-12-09,66.27,65.78366088867188
2016-12-12,66.49,66.41159057617188
2016-12-13,66.69,66.87590789794922
2016-12-14,65.94,67.13237762451172
2016-12-15,66.26,66.70048522949219
2016-12-16,67.04,66.591796875
2016-12-19,67.76,67.15388488769531
2016-12-20,67.34,67.93924713134766
2016-12-21,67.27,67.96099853515625
2016-12-22,67.68,67.75633239746094
2016-12-23,67.72,67.95085144042969
2016-12-27,67.82,68.1341552734375
2016-12-28,67.51,68.23546600341797
2016-12-29,67.85,68.05157470703125
2016-12-30,67.62,68.15831756591797
2017-01-03,67.63,68.11933135986328
2017-01-04,67.85,68.06478881835938
2017-01-05,67.93,68.20195007324219
2017-01-06,68.23,68.34626770019531
2017-01-09,67.95,68.59202575683594
2017-01-10,67.72,68.5180892944336
2017-01-11,67.65,68.26958465576172
2017-01-12,67.51,68.11613464355469
2017-01-13,67.58,67.98995208740234
2017-01-17,68.48,67.98612213134766
2017-01-18,69.16,68.60761260986328
2017-01-19,69.55,69.40135955810547
2017-01-20,70.01,69.94811248779297
2017-01-23,70.55,70.40103912353516
2017-01-24,70.76,70.91783142089844
2017-01-25,70.96,71.2469711303711
2017-01-26,70.85,71.44064331054688
2017-01-27,71.03,71.39802551269531
2017-01-30,71.3,71.44264221191406
2017-01-31,71.18,71.64501953125
2017-02-01,71.39,71.63776397705078
2017-02-02,71.45,71.7231674194336
2017-02-03,71.49,71.81757354736328
2017-02-06,71.29,71.87169647216797
2017-02-07,72.2,71.7481918334961
2017-02-08,72.15,72.30359649658203
2017-02-09,72.49,72.58741760253906
2017-02-10,72.42,72.83837127685547
2017-02-13,72.04,72.89366912841797
2017-02-14,71.88,72.6179428100586
2017-02-15,72.17,72.36185455322266
2017-02-16,72.71,72.4845962524414
2017-02-17,72.97,72.94906616210938
2017-02-21,73.65,73.31790161132812
2017-02-22,73.6,73.88079833984375
2017-02-23,74.46,74.07860565185547
2017-02-24,74.43,74.66511535644531
2017-02-27,74.59,74.91423034667969
2017-02-28,74.92,75.01983642578125
2017-03-01,75.6,75.26176452636719
2017-03-02,75.72,75.8154525756836
2017-03-03,75.57,76.10094451904297
2017-03-06,75.58,76.02289581298828
2017-03-07,76.1,75.95159912109375
2017-03-08,75.84,76.29008483886719
2017-03-09,76.19,76.2591781616211
2017-03-10,76.45,76.41124725341797
2017-03-13,75.65,76.68400573730469
2017-03-14,75.34,76.21460723876953
2017-03-15,75.67,75.73249816894531
2017-03-16,75.3,75.84281158447266
2017-03-17,75.16,75.69424438476562
2017-03-20,75.58,75.4844970703125
2017-03-21,75.93,75.7318115234375
2017-03-22,75.07,76.13494873046875
2017-03-23,74.02,75.66940307617188
2017-03-24,73.17,74.65471649169922
2017-03-27,73.2,73.68883514404297
2017-03-28,73.19,73.42700958251953
2017-03-29,72.96,73.43769836425781
2017-03-30,72.05,73.29539489746094
2017-03-31,71.42,72.59668731689453
2017-04-03,71.62,71.87035369873047
2017-04-04,71.95,71.81654357910156
2017-04-05,71.93,72.15027618408203
2017-04-06,71.42,72.28579711914062
2017-04-07,71.71,71.94222259521484
2017-04-10,71.76,71.97193145751953
2017-04-11,72.08,72.10655975341797
2017-04-12,72.16,72.36246490478516
2017-04-13,71.3,72.51528930664062
2017-04-17,72.31,71.94696807861328
2017-04-18,72.34,72.32533264160156
2017-04-19,72.11,72.6593246459961
2017-04-20,71.41,72.54332733154297
2017-04-21,71.47,71.95030975341797
2017-04-24,72.55,71.72830200195312
2017-04-25,72.43,72.47564697265625
2017-04-26,71.51,72.78156280517578
2017-04-27,71.53,72.13660430908203
2017-04-28,71.78,71.81002044677734
2017-05-01,70.8,71.9761962890625
2017-05-02,70.83,71.41401672363281
2017-05-03,70.22,71.09849548339844
2017-05-04,70.31,70.66294860839844
2017-05-05,70.92,70.54901123046875
2017-05-08,70.71,71.00787353515625
2017-05-09,70.29,71.11726379394531
2017-05-10,70.31,70.79358673095703
2017-05-11,70.48,70.65692901611328
2017-05-12,70.65,70.78761291503906
2017-05-15,70.67,70.98336029052734
2017-05-16,70.95,71.06204223632812
2017-05-17,70.55,71.25780487060547
2017-05-18,70.54,71.07963562011719
2017-05-19,70.9,70.9339828491211
2017-05-22,72.04,71.14978790283203
2017-05-23,72.13,72.05186462402344
2017-05-24,72.85,72.52015686035156
2017-05-25,74.14,73.06292724609375
2017-05-26,74.41,74.1622543334961
2017-05-30,75.07,74.80182647705078
2017-05-31,75.44,75.35762786865234
2017-06-01,75.4,75.79499816894531
2017-06-02,75.12,75.87339782714844
2017-06-05,75.06,75.6257553100586
2017-06-06,75.27,75.43317413330078
2017-06-07,75.61,75.50526428222656
2017-06-08,75.21,75.77981567382812
2017-06-09,75.46,75.60259246826172
2017-06-12,75.4,75.65233612060547
2017-06-13,74.95,75.69313049316406
2017-06-14,75.75,75.38442993164062
2017-06-15,76.41,75.80758666992188
2017-06-16,77.28,76.53682708740234
2017-06-19,77.71,77.39100646972656
2017-06-20,77.33,77.98328399658203
2017-06-21,77.03,77.87891387939453
2017-06-22,76.48,77.54594421386719
2017-06-23,76.49,77.02487182617188
2017-06-26,76.53,76.8106918334961
2017-06-27,75.38,76.79180145263672
2017-06-28,75.84,75.96638488769531
2017-06-29,74.4,75.91265106201172
2017-06-30,74.47,75.02854919433594
2017-07-03,74.53,74.64800262451172
2017-07-05,74.61,74.70940399169922
2017-07-06,74.32,74.83943176269531
2017-07-07,74.25,74.69013214111328
2017-07-10,73.69,74.57425689697266
2017-07-11,73.43,74.1793212890625
2017-07-12,73.89,73.83051300048828
2017-07-13,73.48,74.06422424316406
2017-07-14,73.93,73.93769073486328
2017-07-17,73.37,74.12675476074219
2017-07-18,73.33,73.87142181396484
2017-07-19,73.55,73.67218780517578
2017-07-20,73.59,73.79053497314453
2017-07-21,73.42,73.89561462402344
2017-07-24,72.64,73.7898941040039
2017-07-25,72.24,73.17899322509766
2017-07-26,71.73,72.62490844726562
2017-07-27,73.96,72.11504364013672
2017-07-28,66.94,73.49837493896484
2017-07-31,64.97,69.3641357421875
2017-08-01,65.5,65.53984069824219
2017-08-02,65.55,65.06396484375
2017-08-03,65.54,65.54438781738281
2017-08-04,65.52,65.72901916503906
2017-08-07,65.99,65.74044036865234
2017-08-08,65.38,66.10826873779297
2017-08-09,65.31,65.96983337402344
2017-08-10,64.77,65.76849365234375
2017-08-11,64.31,65.36376953125
2017-08-14,64.84,64.85877227783203
2017-08-15,65.3,64.98873901367188
2017-08-16,65.45,65.46263885498047
2017-08-17,64.3,65.75962829589844
2017-08-18,63.69,65.06072998046875
2017-08-21,64.39,64.18038940429688
2017-08-22,64.06,64.31007385253906
2017-08-23,63.71000000000001,64.36856842041016
2017-08-24,63.599999999999994,64.07955169677734
2017-08-25,64.08,63.833858489990234
2017-08-28,63.93,64.08849334716797
2017-08-29,63.81,64.20950317382812
2017-08-30,64.05,64.12608337402344
2017-08-31,63.39999999999999,64.2218017578125
2017-09-01,63.540000000000006,63.903011322021484
2017-09-05,62.87,63.765567779541016
2017-09-06,63.27,63.35712814331055
2017-09-07,62.73,63.38071060180664
2017-09-08,62.23,63.17066955566406
2017-09-11,62.49,62.69103240966797
2017-09-12,62.5,62.632328033447266
2017-09-13,62.50999999999999,62.74183654785156
2017-09-14,62.28,62.81070327758789
2017-09-15,62.39,62.68273162841797
2017-09-18,62.56,62.66471862792969
2017-09-19,62.23,62.80949401855469
2017-09-20,61.22,62.692378997802734
2017-09-21,61.5,61.935279846191406
2017-09-22,62.49,61.67082977294922
2017-09-25,63.79,62.35017776489258
2017-09-26,64.52,63.63066864013672
2017-09-27,64.41,64.688720703125
2017-09-28,64.19,64.95953369140625
2017-09-29,63.42,64.75914764404297
2017-10-02,62.9,64.11807250976562
2017-10-03,63.36999999999999,63.43381118774414
2017-10-04,63.49,63.46177291870117
2017-10-05,63.81,63.70538330078125
2017-10-06,62.54999999999999,64.0072250366211
2017-10-09,63.57000000000001,63.332611083984375
2017-10-10,65.01,63.50018310546875
2017-10-11,64.87,64.75875091552734
2017-10-12,65.35,65.36244201660156
2017-10-13,65.05,65.69569396972656
2017-10-16,65.37,65.6260757446289
2017-10-17,64.87,65.7226333618164
2017-10-18,64.81,65.48773193359375
2017-10-19,64.37,65.25631713867188
2017-10-20,65.0,64.89315032958984
2017-10-23,64.5,65.12480926513672
2017-10-24,64.13,65.0294189453125
2017-10-25,63.78,64.64497375488281
2017-10-26,65.79,64.23924255371094
2017-10-27,64.92,65.40679931640625
2017-10-30,64.05,65.65078735351562
2017-10-31,64.22,64.88095092773438
2017-11-01,64.7,64.54356384277344
2017-11-02,63.9,64.88223266601562
2017-11-03,63.91,64.60836791992188
2017-11-06,63.45,64.3280258178711
2017-11-07,64.31,63.96584701538086
2017-11-08,64.59,64.36071014404297
2017-11-09,64.51,64.87291717529297
2017-11-10,65.02,64.99813079833984
2017-11-13,65.84,65.28581237792969
2017-11-14,65.73,65.98573303222656
2017-11-15,65.26,66.25983428955078
2017-11-16,65.88,65.93399810791016
2017-11-17,66.42,66.09534454345703
2017-11-20,65.83,66.63423156738281
2017-11-21,65.65,66.489501953125
2017-11-22,65.49,66.13858032226562
2017-11-24,65.48,65.89424896240234
2017-11-27,65.07,65.8216781616211
2017-11-28,66.4,65.55325317382812
2017-11-29,67.37,66.27446746826172
2017-11-30,67.83,67.41081237792969
2017-12-01,68.58,68.17186737060547
2017-12-04,70.08,68.86006164550781
2017-12-05,70.18,70.11006164550781
2017-12-06,71.66,70.74967956542969
2017-12-07,71.5,71.7921371459961
2017-12-08,71.54,72.16218566894531
2017-12-11,71.65,72.14646911621094
2017-12-12,71.72,72.14649200439453
2017-12-13,72.32,72.17098236083984
2017-12-14,71.79,72.5522689819336
2017-12-15,71.67,72.36349487304688
2017-12-18,72.65,72.09197998046875
2017-12-19,73.9,72.68959045410156
2017-12-20,72.6,73.89634704589844
2017-12-21,71.94,73.48336791992188
2017-12-22,72.14,72.61027526855469
2017-12-26,72.08,72.46961212158203
2017-12-27,72.43,72.5076675415039
2017-12-28,71.27,72.7443618774414
2017-12-29,71.41,72.05220794677734
2018-01-02,70.74,71.76387786865234
2018-01-03,70.48,71.33132934570312
2018-01-04,70.2,70.95950317382812
2018-01-05,70.4,70.66912078857422
2018-01-08,70.31,70.72941589355469
2018-01-09,69.57,70.75645446777344
2018-01-10,70.29,70.24295806884766
2018-01-11,70.29,70.4786148071289
2018-01-12,69.61,70.72748565673828
2018-01-16,68.92,70.30609130859375
2018-01-17,70.15,69.56904602050781
2018-01-18,70.03,70.12847900390625
2018-01-19,71.12,70.48194122314453
2018-01-22,71.28,71.22463989257812
2018-01-23,71.45,71.68093872070312
2018-01-24,71.56,71.88187408447266
2018-01-25,69.91,71.99285125732422
2018-01-26,71.02,70.8877182006836
2018-01-29,69.83,71.02594757080078
2018-01-30,69.82,70.5196762084961
2018-01-31,70.34,70.13165283203125
2018-02-01,69.93,70.41826629638672
2018-02-02,69.4,70.35447692871094
2018-02-05,66.04,69.88518524169922
2018-02-06,66.53,67.37869262695312
2018-02-07,66.79,66.5008773803711
2018-02-08,64.05,66.82321166992188
2018-02-09,64.03,65.22138977050781
2018-02-12,65.35,64.22250366210938
2018-02-13,65.64,65.0351791381836
2018-02-14,65.18,65.88519287109375
2018-02-15,65.32,65.82149505615234
2018-02-16,65.46,65.721923828125
2018-02-20,64.19,65.83586883544922
2018-02-21,63.93,65.08985900878906
2018-02-22,63.34,64.4211654663086
2018-02-23,64.59,63.83845138549805
2018-02-26,65.43,64.4203872680664
2018-02-27,64.0,65.4300537109375
2018-02-28,62.95,64.91587829589844
2018-03-01,62.43,63.67647933959961
2018-03-02,62.54999999999999,62.79766845703125
2018-03-05,64.13,62.65397262573242
2018-03-06,64.77,63.750755310058594
2018-03-07,64.07,64.83065795898438
2018-03-08,65.43,64.73698425292969
2018-03-09,65.65,65.31696319580078
2018-03-12,65.77,65.91943359375
2018-03-13,66.13,66.1811294555664
2018-03-14,63.82,66.43074035644531
2018-03-15,63.81,65.03718566894531
2018-03-16,63.19,64.10832977294922
2018-03-19,62.47999999999999,63.54593276977539
2018-03-20,61.52,62.908443450927734
2018-03-21,60.00000000000001,62.017677307128906
2018-03-22,60.39,60.6713752746582
2018-03-23,59.27000000000001,60.340572357177734
2018-03-26,59.6,59.815311431884766
2018-03-27,60.71999999999999,59.72331619262695
2018-03-28,62.45,60.533992767333984
2018-03-29,62.32,62.14550018310547
2018-04-02,60.51,62.885677337646484
2018-04-03,62.660000000000004,61.8054084777832
2018-04-04,63.35,62.276554107666016
2018-04-05,64.54,63.39433288574219
2018-04-06,63.85,64.60585021972656
2018-04-09,63.25,64.63886260986328
2018-04-10,64.22,63.963623046875
2018-04-11,63.84,64.1871566772461
2018-04-12,63.39999999999999,64.26394653320312
2018-04-13,63.95,63.89535140991211
2018-04-16,64.25,64.00252532958984
2018-04-17,63.98,64.37567138671875
2018-04-18,61.5,64.3829345703125
2018-04-19,57.78,62.704368591308594
2018-04-20,57.230000000000004,59.299713134765625
2018-04-23,56.57000000000001,57.35502243041992
2018-04-24,55.3,56.68617630004883
2018-04-25,55.84,55.897560119628906
2018-04-26,54.769999999999996,55.822776794433594
2018-04-27,56.13,55.414283752441406
2018-04-30,56.11,55.89796447753906
2018-05-01,56.03,56.40451431274414
2018-05-02,55.69,56.52602005004883
2018-05-03,56.35999999999999,56.26590347290039
2018-05-04,56.25999999999999,56.42054748535156
2018-05-07,55.71000000000001,56.566993713378906
2018-05-08,55.27,56.26105499267578
2018-05-09,55.92,55.711448669433594
2018-05-10,56.04,55.764015197753906
2018-05-11,55.19,56.04256820678711
2018-05-14,55.02,55.701480865478516
2018-05-15,54.52,55.233917236328125
2018-05-16,54.87,54.74775314331055
2018-05-17,55.29,54.72041702270508
2018-05-18,55.540000000000006,55.09223175048828
2018-05-21,55.64000000000001,55.500301361083984
2018-05-22,55.21,55.73371887207031
2018-05-23,55.88,55.550411224365234
2018-05-24,55.89,55.72273254394531
2018-05-25,55.629999999999995,55.95679473876953
2018-05-29,55.73,55.90901565551758
2018-05-30,56.59000000000001,55.85213088989258
2018-05-31,55.74000000000001,56.330474853515625
2018-06-01,55.72,56.24197769165039
2018-06-04,56.02,55.96977615356445
2018-06-05,56.32999999999999,56.00890350341797
2018-06-06,56.31,56.313663482666016
2018-06-07,56.69,56.503055572509766
2018-06-08,57.71,56.75338363647461
2018-06-11,58.25000000000001,57.48009490966797
2018-06-12,57.88,58.26239013671875
2018-06-13,57.43000000000001,58.3819465637207
2018-06-14,56.7,57.96847152709961
2018-06-15,57.79,57.24672317504883
2018-06-18,56.60000000000001,57.5011100769043
2018-06-19,56.79,57.23442840576172
2018-06-20,56.75,56.996620178222656
2018-06-21,56.69,56.93144989013672
2018-06-22,57.02,56.92179489135742
2018-06-25,57.07,57.12089157104492
2018-06-26,56.1,57.306095123291016
2018-06-27,55.99,56.814937591552734
2018-06-28,57.28999999999999,56.33526611328125
2018-06-29,56.79,56.92583465576172
2018-07-02,55.87,57.22447204589844
2018-07-03,56.459999999999994,56.657981872558594
2018-07-05,57.63,56.507102966308594
2018-07-06,58.290000000000006,57.29884338378906
2018-07-09,58.02,58.27991485595703
2018-07-10,58.76,58.54693603515625
2018-07-11,58.69,58.86273193359375
2018-07-12,58.00999999999999,59.024112701416016
2018-07-13,58.5,58.631099700927734
2018-07-16,57.14,58.5851936340332
2018-07-17,57.349999999999994,57.89726638793945
2018-07-18,57.43000000000001,57.499778747558594
2018-07-19,56.94,57.51191329956055
2018-07-20,57.64,57.329071044921875
2018-07-23,57.59000000000001,57.582115173339844
2018-07-24,57.99,57.82033157348633
2018-07-25,57.85,58.12810516357422
2018-07-26,56.1,58.212894439697266
2018-07-27,57.9,57.15970993041992
2018-07-30,58.45000000000001,57.4298095703125
2018-07-31,58.68,58.34527587890625
2018-08-01,58.07999999999999,58.962581634521484
2018-08-02,58.83,58.751976013183594
2018-08-03,59.73,58.87882995605469
2018-08-06,60.21,59.61741638183594
2018-08-07,59.56,60.360748291015625
2018-08-08,58.61,60.24569320678711
2018-08-09,59.22,59.37841033935547
2018-08-10,59.050000000000004,59.21613693237305
2018-08-13,58.97999999999999,59.28569793701172
2018-08-14,59.21000000000001,59.27851104736328
2018-08-15,60.18,59.38314437866211
2018-08-16,60.830000000000005,60.0543327331543
2018-08-17,61.00000000000001,60.88581466674805
2018-08-20,60.99000000000001,61.35008239746094
2018-08-21,59.92999999999999,61.4347038269043
2018-08-22,59.32,60.74734878540039
2018-08-23,59.82,59.89704132080078
2018-08-24,58.78,59.85136413574219
2018-08-27,59.00999999999999,59.41775131225586
2018-08-28,58.45000000000001,59.21577072143555
2018-08-29,58.42000000000001,58.89727783203125
2018-08-30,58.68,58.70506286621094
2018-08-31,58.52,58.837127685546875
2018-09-04,59.11000000000001,58.88721466064453
2018-09-05,60.65,59.22210693359375
2018-09-06,60.78999999999999,60.3753547668457
2018-09-07,60.93000000000001,61.1583366394043
2018-09-10,60.58,61.41048812866211
2018-09-11,59.47,61.183143615722656
2018-09-12,63.42999999999999,60.30213165283203
2018-09-13,61.46,62.17927932739258
2018-09-14,62.07,62.524471282958984
2018-09-17,62.44,62.42559814453125
2018-09-18,62.14,62.616058349609375
2018-09-19,61.839999999999996,62.592864990234375
2018-09-20,62.26,62.310630798339844
2018-09-21,62.54999999999999,62.4036979675293
2018-09-24,61.06000000000001,62.73134994506836
2018-09-25,60.71,61.962459564208984
2018-09-26,60.81,61.150901794433594
2018-09-27,60.77,60.964508056640625
2018-09-28,60.31,61.02973556518555
2018-10-01,60.33,60.80410385131836
2018-10-02,61.29,60.6522331237793
2018-10-03,60.85999999999999,61.238956451416016
2018-10-04,61.779999999999994,61.408668518066406
2018-10-05,62.07,61.89165496826172
2018-10-08,63.17,62.38547897338867
2018-10-09,63.1,63.240821838378906
2018-10-10,62.91,63.63307189941406
2018-10-11,61.12,63.52078628540039
2018-10-12,60.059999999999995,62.244205474853516
2018-10-15,61.44,60.78060531616211
2018-10-16,60.77,61.074039459228516
2018-10-17,60.62,61.21363830566406
2018-10-18,60.93000000000001,61.017948150634766
2018-10-19,61.95000000000001,61.08086013793945
2018-10-22,61.31,61.841224670410156
2018-10-23,61.85000000000001,61.926143646240234
2018-10-24,62.31,62.08296203613281
2018-10-25,63.16,62.50490188598633
2018-10-26,63.09,63.259056091308594
2018-10-29,64.59,63.581939697265625
2018-10-30,65.87,64.51079559326172
2018-10-31,65.04,65.85298156738281
2018-11-01,63.67000000000001,65.91375732421875
2018-11-02,63.67000000000001,64.72823333740234
2018-11-05,64.63,64.0295639038086
2018-11-06,64.87,64.53498077392578
2018-11-07,65.37,65.1057357788086
2018-11-08,65.37,65.58568572998047
2018-11-09,63.42,65.76362609863281
2018-11-12,61.2,64.52014923095703
2018-11-13,60.00000000000001,62.30046844482422
2018-11-14,59.099999999999994,60.547733306884766
2018-11-15,57.279999999999994,59.482933044433594
2018-11-16,56.78,58.07828903198242
2018-11-19,55.68000000000001,57.126625061035156
2018-11-20,55.629999999999995,56.26072311401367
2018-11-21,54.39,55.89719009399414
2018-11-23,53.71999999999999,55.18143081665039
2018-11-26,53.21,54.36994934082031
2018-11-27,53.790000000000006,53.731239318847656
2018-11-28,54.95,53.81342697143555
2018-11-29,55.94,54.68267059326172
2018-11-30,54.83,55.810733795166016
2018-12-03,55.73,55.737159729003906
2018-12-04,54.4,55.761383056640625
2018-12-06,54.4,55.141632080078125
2018-12-07,54.18,54.599327087402344
2018-12-10,53.36,54.28019332885742
2018-12-11,53.95000000000001,53.72706985473633
2018-12-12,53.33,53.68632125854492
2018-12-13,53.92000000000001,53.517189025878906
2018-12-14,52.72999999999999,53.6724739074707
2018-12-17,52.35,53.23328399658203
2018-12-18,50.89,52.60239791870117
2018-12-19,51.4,51.52506637573242
2018-12-20,50.44,51.14657211303711
2018-12-21,49.09,50.752647399902344
2018-12-24,47.559999999999995,49.82263946533203
2018-12-26,48.42999999999999,48.43927764892578
2018-12-27,48.7,48.05636978149414
2018-12-28,48.89,48.383907318115234
2018-12-31,49.39000000000001,48.829689025878906
2019-01-02,49.309999999999995,49.29502487182617
2019-01-03,49.04,49.50292205810547
2019-01-04,50.3,49.373435974121094
2019-01-07,48.78,49.77417755126953
2019-01-08,49.06,49.49661636352539
2019-01-09,49.66,49.15080642700195
2019-01-10,48.86,49.28049087524414
2019-01-11,48.9,49.15628433227539
2019-01-14,48.25999999999999,48.96352005004883
2019-01-15,47.91,48.56167221069336
2019-01-16,47.2,48.11054229736328
2019-01-17,47.06,47.54792022705078
2019-01-18,48.31,47.14920425415039
2019-01-22,44.97,47.5779914855957
2019-01-23,44.7,46.650184631347656
2019-01-24,43.33,45.42076873779297
2019-01-25,44.24,44.18126678466797
2019-01-28,45.3,43.867469787597656
2019-01-29,45.91,44.48887252807617
2019-01-30,47.8,45.430328369140625
2019-01-31,49.349999999999994,46.83036804199219
2019-02-01,49.2,48.498497009277344
2019-02-04,49.11,49.47196960449219
2019-02-05,49.04,49.613563537597656
2019-02-06,49.27,49.334163665771484
2019-02-07,48.72,49.1597900390625
2019-02-08,48.84,48.87872314453125
2019-02-11,48.89,48.723243713378906
2019-02-12,49.66,48.7330436706543
2019-02-13,49.0,49.16476821899414
2019-02-14,49.14,49.26055908203125
2019-02-15,48.74,49.21721267700195
2019-02-19,48.99,48.997676849365234
2019-02-20,50.51,48.94930648803711
2019-02-21,50.37,49.73263168334961
2019-02-22,51.5,50.4150276184082
2019-02-25,51.84,51.21031951904297
2019-02-26,52.10000000000001,51.858192443847656
2019-02-27,52.32,52.25059127807617
2019-02-28,52.41,52.47043991088867
2019-03-01,52.75,52.57685089111328
2019-03-04,52.46,52.76896286010742
2019-03-05,52.879999999999995,52.754512786865234
2019-03-06,54.669999999999995,52.87847137451172
2019-03-07,54.739999999999995,53.943443298339844
2019-03-08,55.36999999999999,54.83924102783203
2019-03-11,56.01,55.47133255004883
2019-03-12,55.75,56.04878234863281
2019-03-13,56.13,56.1807746887207
2019-03-14,56.400000000000006,56.29758834838867
2019-03-15,56.75,56.529781341552734
2019-03-18,57.300000000000004,56.86623001098633
2019-03-19,56.01,57.35467529296875
2019-03-20,55.72,56.886470794677734
2019-03-21,56.93,56.19551467895508
2019-03-22,55.92,56.5858268737793
2019-03-25,56.55,56.541114807128906
2019-03-26,57.03,56.66570281982422
2019-03-27,56.29999999999999,57.099609375
2019-03-28,56.7,56.96292495727539
2019-03-29,57.43000000000001,56.934814453125
2019-04-01,57.73,57.42307662963867
2019-04-02,56.69,57.95984649658203
2019-04-03,53.98,57.572853088378906
2019-04-04,54.599999999999994,55.55252456665039
2019-04-05,54.769999999999996,54.58405303955078
2019-04-08,55.28,54.689064025878906
2019-04-09,55.11,55.26438522338867
2019-04-10,55.42,55.51005554199219
2019-04-11,55.98,55.66411209106445
2019-04-12,56.56000000000001,56.04690933227539
2019-04-15,56.94,56.62177276611328
2019-04-16,56.38999999999999,57.13468551635742
2019-04-17,56.18,57.0147819519043
2019-04-18,54.37,56.632911682128906
2019-04-22,54.60999999999999,55.38740921020508
2019-04-23,54.82,54.695064544677734
2019-04-24,54.71000000000001,54.73375701904297
2019-04-25,51.41,54.8718147277832
2019-04-26,52.78999999999999,53.09553909301758
2019-04-29,53.51,52.427223205566406
2019-04-30,54.33,53.020782470703125
2019-05-01,53.39,54.06489944458008
2019-05-02,53.16,54.12453079223633
2019-05-03,53.760000000000005,53.66716766357422
2019-05-06,53.53,53.67344665527344
2019-05-07,52.94,53.73987579345703
2019-05-08,51.959999999999994,53.42841339111328
2019-05-09,51.989999999999995,52.62126159667969
2019-05-10,52.11000000000001,52.107337951660156
2019-05-13,51.44,52.05751037597656
2019-05-14,51.88999999999999,51.81736373901367
2019-05-15,52.13000000000001,51.83155822753906
2019-05-16,52.029999999999994,52.07241439819336
2019-05-17,52.35,52.19828796386719
2019-05-20,52.33,52.36574172973633
2019-05-21,51.86999999999999,52.462127685546875
2019-05-22,52.830000000000005,52.23884963989258
2019-05-23,52.81,52.5105094909668
2019-05-24,52.4,52.836387634277344
2019-05-28,49.87,52.75615310668945
2019-05-29,50.190000000000005,51.25968551635742
2019-05-30,50.209999999999994,50.22481918334961
2019-05-31,49.06,50.006717681884766
2019-06-03,50.1,49.576560974121094
2019-06-04,50.42000000000001,49.738155364990234
2019-06-05,49.69,50.22861862182617
2019-06-06,50.75,50.202877044677734
2019-06-07,51.38,50.48624801635742
2019-06-10,51.21000000000001,51.104400634765625
2019-06-11,52.15,51.433738708496094
2019-06-12,51.59,51.922576904296875
2019-06-13,51.21000000000001,51.9737663269043
2019-06-14,50.86,51.615726470947266
2019-06-17,50.86,51.136837005615234
2019-06-18,50.11999999999999,50.878570556640625
2019-06-19,49.9,50.46845626831055
2019-06-20,50.260000000000005,50.08078384399414
2019-06-21,48.0,50.09209060668945
2019-06-24,48.489999999999995,49.14951705932617
2019-06-25,48.78,48.52367401123047
2019-06-26,47.94,48.5482292175293
2019-06-27,47.9,48.387725830078125
2019-06-28,47.35,48.165557861328125
2019-07-01,47.69,47.79454040527344
2019-07-02,48.60000000000001,47.69437026977539
2019-07-03,49.18999999999999,48.169673919677734
2019-07-05,48.78,48.9044075012207
2019-07-08,49.08,49.16976547241211
2019-07-09,48.35,49.22784423828125
2019-07-10,49.0,48.8701171875
2019-07-11,49.260000000000005,48.812828063964844
2019-07-12,49.5,49.054039001464844
2019-07-15,49.54,49.382755279541016
2019-07-16,49.41,49.58678436279297
2019-07-17,49.45000000000001,49.57685089111328
2019-07-18,50.53,49.515411376953125
2019-07-19,50.53,49.99380874633789
2019-07-22,49.67,50.46980667114258
2019-07-23,50.04,50.257938385009766
2019-07-24,49.78,50.05963134765625
2019-07-25,49.59000000000001,49.901527404785156
2019-07-26,49.86,49.74116134643555
2019-07-29,50.309999999999995,49.7898063659668
2019-07-30,48.50000000000001,50.12155532836914
2019-07-31,47.07,49.52288818359375
2019-08-01,47.88,48.15740966796875
2019-08-02,47.93,47.62139129638672
2019-08-05,46.650000000000006,47.744239807128906
2019-08-06,46.16,47.41658401489258
2019-08-07,46.23,46.799034118652344
2019-08-08,46.5,46.42509078979492
2019-08-09,46.16,46.45451354980469
2019-08-12,45.98,46.46443557739258
2019-08-13,46.78000000000001,46.346622467041016
2019-08-14,45.87,46.56387710571289
2019-08-15,45.49,46.448143005371094
2019-08-16,46.47999999999999,46.0372428894043
2019-08-19,46.699999999999996,46.114532470703125
2019-08-20,46.03,46.48072814941406
2019-08-21,46.25,46.480472564697266
2019-08-22,46.59,46.3814697265625
2019-08-23,46.40999999999999,46.45637130737305
2019-08-26,47.12,46.501564025878906
2019-08-27,45.25,46.7950439453125
2019-08-28,45.85,46.27975082397461
2019-08-29,44.25,45.864524841308594
2019-08-30,43.74,45.085628509521484
2019-09-03,44.04,44.26831817626953
2019-09-04,44.3,43.939476013183594
2019-09-05,43.85,44.06636047363281
2019-09-06,43.85,44.12980270385742
2019-09-09,44.04,44.105308532714844
2019-09-10,44.24,44.134403228759766
2019-09-11,44.72,44.259769439697266
2019-09-12,44.46,44.555503845214844
2019-09-13,42.01,44.70035934448242
2019-09-16,41.41,43.75490188598633
2019-09-17,41.31,42.48255157470703
2019-09-18,40.84,41.6344108581543
2019-09-19,40.12,41.159122467041016
2019-09-20,40.81,40.74589920043945
2019-09-23,40.88,40.708797454833984
2019-09-24,40.73,40.8864860534668
2019-09-25,40.56,41.02466583251953
2019-09-26,40.66,41.0184211730957
2019-09-27,40.13,40.972816467285156
2019-09-30,40.9,40.76138687133789
2019-10-01,41.16,40.77640151977539
2019-10-02,40.21,40.99802780151367
2019-10-03,40.81,40.92066955566406
2019-10-04,41.65,40.87821960449219
2019-10-07,42.17,41.168251037597656
2019-10-08,42.0,41.70097732543945
2019-10-09,42.46,42.090511322021484
2019-10-10,42.98,42.39712142944336
2019-10-11,42.57,42.746856689453125
2019-10-14,42.72,42.860923767089844
2019-10-15,43.43,42.85740280151367
2019-10-16,43.51,43.07271194458008
2019-10-17,44.28,43.36482238769531
2019-10-18,44.33,43.848331451416016
2019-10-21,45.56,44.2668571472168
2019-10-22,46.34,44.9432373046875
2019-10-23,46.75000000000001,45.80615997314453
2019-10-24,46.96,46.562904357910156
2019-10-25,46.8,47.030616760253906
2019-10-28,45.99,47.111053466796875
2019-10-29,46.38,46.6649169921875
2019-10-30,45.96,46.37232208251953
2019-10-31,44.79,46.1541748046875
2019-11-01,45.06,45.567108154296875
2019-11-04,45.6,45.19075393676758
2019-11-05,46.25,45.33613967895508
2019-11-06,45.91,45.9077033996582
2019-11-07,45.98,46.25593566894531
2019-11-08,46.40999999999999,46.35467529296875
2019-11-11,46.40999999999999,46.50260925292969
2019-11-12,47.0,46.629180908203125
2019-11-13,46.83,46.927978515625
2019-11-14,46.629999999999995,47.10171890258789
2019-11-15,47.97,47.03675842285156
2019-11-18,48.34,47.475547790527344
2019-11-19,46.93,48.12778091430664
2019-11-20,48.449999999999996,47.91552734375
2019-11-21,48.82,48.06684112548828
2019-11-22,49.0,48.55553436279297
2019-11-25,49.260000000000005,49.00902557373047
2019-11-26,49.21999999999999,49.33009719848633
2019-11-27,49.75,49.434383392333984
2019-11-29,49.7,49.65616226196289
2019-12-02,50.6,49.81916046142578
2019-12-03,50.1,50.295162200927734
2019-12-04,50.10999999999999,50.44533157348633
2019-12-05,50.169999999999995,50.36921691894531
2019-12-06,50.41,50.302364349365234
2019-12-09,50.53,50.4082145690918
2019-12-10,50.04999999999999,50.59107971191406
2019-12-11,50.3,50.471744537353516
2019-12-12,49.93,50.413116455078125
2019-12-13,50.160000000000004,50.25790786743164
2019-12-16,50.6,50.248268127441406
2019-12-17,50.83,50.52638244628906
2019-12-18,51.36,50.88349151611328
2019-12-19,50.79,51.33574676513672
2019-12-20,51.129999999999995,51.31806182861328
2019-12-23,51.55,51.284305572509766
2019-12-24,50.28000000000001,51.50763702392578
2019-12-26,50.4,51.080116271972656
2019-12-27,50.4,50.65098190307617
2019-12-30,49.89,50.49030303955078
2019-12-31,49.91,50.253475189208984
2020-01-02,49.24999999999999,50.09275817871094
2020-01-03,49.63,49.7293586730957
2020-01-06,49.83,49.64459228515625
2020-01-07,49.57,49.823116302490234
2020-01-08,50.07999999999999,49.86734390258789
2020-01-09,50.57,50.06134796142578
2020-01-10,50.220000000000006,50.468055725097656
2020-01-13,50.76,50.5751953125
2020-01-14,50.87,50.75120162963867
2020-01-15,51.25,50.94428253173828
2020-01-16,51.09,51.221431732177734
2020-01-17,51.02,51.310340881347656
2020-01-21,51.09,51.23536682128906
2020-01-22,51.029999999999994,51.1821174621582
2020-01-23,50.56,51.14398193359375
2020-01-24,50.25000000000001,50.892921447753906
2020-01-27,49.77,50.53242111206055
2020-01-28,50.169999999999995,50.09423828125
2020-01-29,50.10999999999999,50.05187225341797
2020-01-30,48.0,50.162506103515625
2020-01-31,47.529999999999994,49.225276947021484
2020-02-03,46.26,48.123191833496094
2020-02-04,46.52,46.997798919677734
2020-02-05,46.28,46.52525329589844
2020-02-06,46.660000000000004,46.41850662231445
2020-02-07,46.22,46.61770248413086
2020-02-10,46.2,46.635581970214844
2020-02-11,45.57,46.53343963623047
2020-02-12,45.4,46.166954040527344
2020-02-13,45.65,45.77540969848633
2020-02-14,45.17,45.65714645385742
2020-02-18,45.22,45.497493743896484
2020-02-19,45.14,45.37350082397461
2020-02-20,45.56,45.282344818115234
2020-02-21,45.89,45.40382766723633
2020-02-24,43.8,45.69530487060547
2020-02-25,42.49,45.066986083984375
2020-02-26,42.12,43.75802230834961
2020-02-27,40.3,42.6464958190918
2020-02-28,40.37,41.45962142944336
2020-03-02,42.07,40.71544647216797
2020-03-03,41.9,41.032562255859375
2020-03-04,43.93,41.63523483276367
2020-03-05,43.16,42.77136993408203
2020-03-06,42.15,43.4892578125
2020-03-09,40.34,43.309505462646484
2020-03-10,42.15,42.145042419433594
2020-03-11,40.48,41.641700744628906
2020-03-12,36.42,41.15884780883789
2020-03-13,40.07,39.47148513793945
2020-03-16,38.22,38.96217346191406
2020-03-17,39.85,38.7462043762207
2020-03-18,38.32,39.10659408569336
2020-03-19,37.1,39.18593215942383
2020-03-20,34.28,38.68947982788086
2020-03-23,31.38,37.32255554199219
2020-03-24,32.38,35.31477355957031
2020-03-25,34.37,33.914886474609375
2020-03-26,36.64,33.628318786621094
2020-03-27,36.64,34.40150451660156
2020-03-30,37.31,35.55022430419922
2020-03-31,38.67,36.71340560913086
2020-04-01,37.61,37.88473129272461
2020-04-02,36.22,38.50997543334961
2020-04-03,37.41,38.24747085571289
2020-04-06,37.28,37.86048126220703
2020-04-07,38.48,37.57918167114258
2020-04-08,40.13,37.74755096435547
2020-04-09,40.91,38.55880355834961
2020-04-13,40.44,39.71274185180664
2020-04-14,42.12,40.5421028137207
2020-04-15,40.91,41.384925842285156
2020-04-16,40.4,41.64663314819336
2020-04-17,40.85,41.32295608520508
2020-04-20,39.07,40.998600006103516
2020-04-21,37.76,40.29924392700195
2020-04-22,37.81,39.257381439208984
2020-04-23,38.45,38.4659309387207
2020-04-24,39.42,38.28321075439453
2020-04-27,39.75,38.727176666259766
2020-04-28,40.71,39.42295837402344
2020-04-29,40.47,40.27598571777344
2020-04-30,39.25,40.8704948425293
2020-05-01,37.91,40.74399185180664
2020-05-04,38.01,39.88552474975586
2020-05-05,36.8,39.0208854675293
2020-05-06,35.73,38.16339874267578
2020-05-07,35.1,37.28813934326172
2020-05-08,36.74,36.50876998901367
2020-05-11,36.42,36.39797592163086
2020-05-12,36.08,36.59506607055664
2020-05-13,36.35,36.76210021972656
2020-05-14,36.25,36.89595031738281
2020-05-15,36.59,36.95353698730469
2020-05-18,37.6,37.02960968017578
2020-05-19,37.12,37.341487884521484
2020-05-20,37.77,37.59393310546875
2020-05-21,37.54,37.86566925048828
2020-05-22,37.73,38.021846771240234
2020-05-26,38.28,38.105133056640625
2020-05-27,39.05,38.273345947265625
2020-05-28,38.81,38.65522384643555
2020-05-29,39.05,38.98402786254883
2020-06-01,39.18,39.22477340698242
2020-06-02,39.66,39.387508392333984
2020-06-03,40.21,39.604347229003906
2020-06-04,40.73,39.957862854003906
2020-06-05,41.91,40.43313217163086
2020-06-08,42.83,41.1777229309082
2020-06-09,42.18,42.12606430053711
2020-06-10,41.82,42.64207077026367
2020-06-11,39.29,42.594512939453125
2020-06-12,39.13,41.474029541015625
2020-06-15,40.31,40.22549057006836
2020-06-16,41.09,39.837711334228516
2020-06-17,40.86,40.26729965209961
2020-06-18,41.47,40.831783294677734
2020-06-19,40.69,41.40654373168945
2020-06-22,40.05,41.54551315307617
2020-06-23,40.34,41.20310592651367
2020-06-24,39.43,40.86302947998047
2020-06-25,39.66,40.40086364746094
2020-06-26,38.19,40.09502410888672
2020-06-29,39.23,39.53886413574219
2020-06-30,39.25,39.32399368286133
2020-07-01,39.24,39.386356353759766
2020-07-02,39.4,39.53561782836914
2020-07-06,39.6,39.70182418823242
2020-07-07,39.94,39.8733024597168
2020-07-08,39.87,40.088836669921875
2020-07-09,38.6,40.23502731323242
2020-07-10,40.27,39.9093017578125
2020-07-13,40.21,39.92318344116211
2020-07-14,41.06,40.15033721923828
2020-07-15,41.0,40.636695861816406
2020-07-16,41.48,41.070945739746094
2020-07-17,41.54,41.45590591430664
2020-07-20,40.87,41.711700439453125
2020-07-21,41.22,41.59727096557617
2020-07-22,41.34,41.448883056640625
2020-07-23,41.58,41.4130859375
2020-07-24,41.85,41.53070831298828
2020-07-27,42.13,41.76883316040039
2020-07-28,42.52,42.07083511352539
2020-07-29,41.63,42.426300048828125
2020-07-30,41.58,42.380279541015625
2020-07-31,41.15,42.12345504760742
2020-08-03,41.01,41.75252151489258
2020-08-04,41.6,41.43293380737305
2020-08-05,41.66,41.46119689941406
2020-08-06,41.55,41.673561096191406
2020-08-07,42.17,41.837852478027344
2020-08-10,43.22,42.113101959228516
2020-08-11,43.6,42.7144775390625
2020-08-12,42.96,43.39649963378906
2020-08-13,42.57,43.61177062988281
2020-08-14,42.54,43.354034423828125
2020-08-17,43.03,42.987796783447266
2020-08-18,43.22,42.921470642089844
2020-08-19,43.65,43.102928161621094
2020-08-20,43.5,43.46516799926758
2020-08-21,43.46,43.70823287963867
2020-08-24,44.04,43.77162170410156
2020-08-25,43.52,43.95130157470703
2020-08-26,43.2,43.945457458496094
2020-08-27,43.75,43.719337463378906
2020-08-28,43.93,43.698360443115234
2020-08-31,43.74,43.87418746948242
2020-09-01,43.12,43.9864387512207
2020-09-02,43.76,43.77672576904297
2020-09-03,43.29,43.74190902709961
2020-09-04,43.49,43.66261291503906
2020-09-08,43.07,43.647735595703125
2020-09-09,43.79,43.52021408081055
2020-09-10,43.35,43.64765930175781
2020-09-11,43.59,43.69800567626953
2020-09-14,43.0,43.75380325317383
2020-09-15,42.78,43.58073043823242
2020-09-16,41.76,43.28120040893555
2020-09-17,40.86,42.68798065185547
2020-09-18,39.84,41.876426696777344
2020-09-21,38.82,40.95069885253906
2020-09-22,38.55,40.00227355957031
2020-09-23,37.93,39.30927658081055
2020-09-24,38.33,38.787681579589844
2020-09-25,38.27,38.608619689941406
2020-09-28,38.95,38.62095642089844
2020-09-29,38.36,38.88221740722656
2020-09-30,38.64,39.01007843017578
2020-10-01,38.92,39.07044982910156
2020-10-02,38.97,39.160255432128906
2020-10-05,39.5,39.25122833251953
2020-10-06,39.6,39.45207977294922
2020-10-07,40.53,39.67513656616211
2020-10-08,40.38,40.09428024291992
2020-10-09,40.69,40.445621490478516
2020-10-12,40.45,40.71421813964844
2020-10-13,39.38,40.78236770629883
2020-10-14,39.55,40.396156311035156
2020-10-15,39.7,39.96851348876953
2020-10-16,39.53,39.758216857910156
2020-10-19,39.18,39.68830490112305
2020-10-20,38.7,39.594879150390625
2020-10-21,38.51,39.372154235839844
2020-10-22,38.99,39.10829162597656
2020-10-23,39.08,39.062984466552734
2020-10-26,38.57,39.18356704711914
2020-10-27,37.17,39.19178009033203
2020-10-28,36.72,38.72850799560547
2020-10-29,36.87,38.048011779785156
2020-10-30,36.08,37.548377990722656
2020-11-02,36.48,37.11025619506836
2020-11-03,37.39,36.90655517578125
2020-11-04,38.08,37.10441207885742
2020-11-05,37.31,37.62742614746094
2020-11-06,37.27,37.96483612060547
2020-11-09,38.17,38.04667282104492
2020-11-10,39.59,38.20284652709961
2020-11-11,39.76,38.75996017456055
2020-11-12,39.5,39.441036224365234
2020-11-13,40.33,39.873775482177734
2020-11-16,41.48,40.24509048461914
2020-11-17,41.19,40.83595275878906
2020-11-18,40.17,41.28969192504883
2020-11-19,40.06,41.16993713378906
2020-11-20,39.94,40.75217819213867
2020-11-23,40.2,40.34577941894531
2020-11-24,41.0,40.19731521606445
2020-11-25,40.38,40.486454010009766
2020-11-27,40.37,40.706512451171875
2020-11-30,39.83,40.777347564697266
2020-12-01,40.49,40.59626388549805
2020-12-02,40.02,40.568477630615234
2020-12-03,40.42,40.516693115234375
2020-12-04,41.37,40.576717376708984
2020-12-07,41.69,40.97719955444336
2020-12-08,42.23,41.52289962768555
2020-12-09,42.98,42.10540008544922
2020-12-10,42.95,42.744991302490234
2020-12-11,43.0,43.17900466918945
2020-12-14,42.9,43.353092193603516
2020-12-15,42.18,43.3082389831543
2020-12-16,43.1,42.934932708740234
2020-12-17,43.0,42.87813186645508
2020-12-18,43.78,43.00080108642578
2020-12-21,42.94,43.41642379760742
2020-12-22,42.55,43.51121520996094
2020-12-23,42.87,43.24555969238281
2020-12-24,41.72,43.05831527709961
2020-12-28,41.48,42.60749435424805
2020-12-29,40.73,42.10879135131836
2020-12-30,40.74,41.54578399658203
2020-12-31,41.0,41.16905212402344
2021-01-04,40.84,41.11097717285156
2021-01-05,40.76,41.15997314453125
2021-01-06,41.42,41.188995361328125
2021-01-07,41.78,41.40131759643555
2021-01-08,41.59,41.752899169921875
2021-01-11,41.35,41.969268798828125
2021-01-12,40.93,41.938499450683594
2021-01-13,41.09,41.65794372558594
2021-01-14,41.11,41.41776657104492
2021-01-15,41.2,41.30697250366211
2021-01-19,41.23,41.320167541503906
2021-01-20,42.1,41.38703918457031
2021-01-21,41.94,41.73207473754883
2021-01-22,41.83,42.04686737060547
2021-01-25,41.96,42.169219970703125
2021-01-26,42.23,42.19554901123047
2021-01-27,41.82,42.27372741699219
2021-01-28,42.65,42.21900939941406
2021-01-29,41.08,42.39280700683594
2021-02-01,40.77,42.09864044189453
2021-02-02,41.57,41.54869079589844
2021-02-03,42.0,41.389984130859375
2021-02-04,42.53,41.653411865234375
2021-02-05,42.47,42.18048095703125
2021-02-08,42.97,42.60176467895508
2021-02-09,43.36,42.968387603759766
2021-02-10,43.55,43.32510757446289
2021-02-11,43.31,43.61752700805664
2021-02-12,43.4,43.67891311645508
2021-02-16,43.41,43.635887145996094
2021-02-17,43.6,43.58252716064453
2021-02-18,43.63,43.62318801879883
2021-02-19,43.8,43.70800018310547
2021-02-22,44.42,43.8388671875
2021-02-23,44.29,44.17407989501953
2021-02-24,45.0,44.431697845458984
2021-02-25,44.63,44.804317474365234
2021-02-26,43.6,44.956363677978516
2021-03-01,44.54,44.53229904174805
2021-03-02,44.72,44.39067077636719
2021-03-03,45.05,44.565643310546875
2021-03-04,44.26,44.91916275024414
2021-03-05,45.12,44.88202667236328
2021-03-08,46.9,44.99934768676758
2021-03-09,47.68000000000001,45.89072036743164
2021-03-10,48.2,47.0969123840332
2021-03-11,47.8,48.10010528564453
2021-03-12,48.65,48.38038635253906
2021-03-15,49.84,48.5876579284668
2021-03-16,49.44,49.26296615600586
2021-03-17,49.78,49.66144943237305
2021-03-18,50.57,49.8639030456543
2021-03-19,50.55,50.289310455322266
2021-03-22,51.64,50.62068176269531
2021-03-23,50.51,51.26213073730469
2021-03-24,49.51,51.191314697265625
2021-03-25,50.190000000000005,50.35624313354492
2021-03-26,52.5,50.03437042236328
2021-03-29,52.3,51.27158737182617
2021-03-30,51.26,52.384849548339844
2021-03-31,51.16,52.259063720703125
2021-04-01,50.99999999999999,51.694854736328125
2021-04-05,51.32,51.274539947509766
2021-04-06,51.38,51.30723571777344
2021-04-07,51.129999999999995,51.510746002197266
2021-04-08,51.48,51.517860412597656
2021-04-09,51.49,51.6158447265625
2021-04-12,51.75,51.723487854003906
2021-04-13,51.169999999999995,51.902099609375
2021-04-14,51.35,51.722923278808594
2021-04-15,51.61,51.581329345703125
2021-04-16,52.31,51.683074951171875
2021-04-19,49.08,52.1688346862793
2021-04-20,47.19,50.89779281616211
2021-04-21,47.580000000000005,48.65620040893555
2021-04-22,46.5,47.53081512451172
2021-04-23,47.39,46.92058563232422
2021-04-26,47.22,47.09965896606445
2021-04-27,47.16,47.392822265625
2021-04-28,47.18,47.50990295410156
2021-04-29,46.599999999999994,47.502464294433594
2021-04-30,47.75,47.1973876953125
2021-05-03,48.370000000000005,47.405643463134766
2021-05-04,47.85,48.02226638793945
2021-05-05,48.35,48.24631881713867
2021-05-06,49.49000000000001,48.37741470336914
2021-05-07,49.95,48.95003890991211
2021-05-10,50.68,49.657371520996094
2021-05-11,50.43,50.386104583740234
2021-05-12,49.349999999999994,50.650352478027344
2021-05-13,50.11999999999999,50.07265853881836
2021-05-14,50.28000000000001,49.83350372314453
2021-05-17,50.209999999999994,49.99378204345703
2021-05-18,49.99,50.170127868652344
2021-05-19,49.44,50.13845443725586
2021-05-20,50.03,49.787498474121094
2021-05-21,50.0,49.796180725097656
2021-05-24,50.32000000000001,49.96476745605469
2021-05-25,49.61,50.24655532836914
2021-05-26,49.42000000000001,50.09262466430664
2021-05-27,49.2,49.75033950805664
2021-05-28,49.21999999999999,49.43939208984375
2021-06-01,49.36000000000001,49.31718444824219
2021-06-02,49.51,49.39350128173828
2021-06-03,49.78,49.57011413574219
2021-06-04,49.77,49.81718444824219
2021-06-07,50.49,49.962913513183594
2021-06-08,49.88,50.33572006225586
2021-06-09,49.9,50.333831787109375
2021-06-10,50.13999999999999,50.167572021484375
2021-06-11,49.76,50.162017822265625
2021-06-14,48.08,50.04607391357422
2021-06-15,47.9,49.11835861206055
2021-06-16,47.36999999999999,48.2510871887207
2021-06-17,46.87,47.64697265625
2021-06-18,46.31,47.19306182861328
2021-06-21,47.29,46.74097442626953
2021-06-22,47.24,46.92395782470703
2021-06-23,47.02,47.26380157470703
2021-06-24,47.42999999999999,47.36468505859375
2021-06-25,47.62,47.48719787597656
2021-06-28,47.18,47.663631439208984
2021-06-29,46.78000000000001,47.577693939208984
2021-06-30,47.68000000000001,47.22819519042969
2021-07-01,47.83,47.332698822021484
2021-07-02,47.529999999999994,47.66533660888672
2021-07-06,46.669999999999995,47.766395568847656
2021-07-07,46.79,47.322139739990234
2021-07-08,46.43,46.91941833496094
2021-07-09,47.39999999999999,46.60390090942383
2021-07-12,47.49,46.87813186645508
2021-07-13,46.84000000000001,47.31808090209961
2021-07-14,47.559999999999995,47.30198287963867
2021-07-15,47.49,47.4026985168457
2021-07-16,47.31,47.523067474365234
2021-07-19,46.79,
2021-07-20,47.21,
2021-07-21,47.33,
2021-07-22,46.99,
2021-07-23,47.49,
2021-07-26,47.61000000000001,
2021-07-27,47.79,
2021-07-28,47.62,
2021-07-29,48.60000000000001,
2021-07-30,48.04,
2021-08-02,47.73,
2021-08-03,47.79,
2021-08-04,47.03,
2021-08-05,47.36,
2021-08-06,47.35,
2021-08-09,47.480000000000004,
2021-08-10,48.11,
2021-08-11,48.17,
2021-08-12,48.12,
2021-08-13,48.60000000000001,
2021-08-16,48.38999999999999,
2021-08-17,48.56000000000001,
2021-08-18,48.22,
2021-08-19,48.24,
2021-08-20,48.470000000000006,
2021-08-23,48.48,
2021-08-24,48.21,
2021-08-25,48.65,
2021-08-26,48.75,
2021-08-27,49.53,
2021-08-30,49.7,
2021-08-31,50.230000000000004,
2021-09-01,50.07999999999999,
2021-09-02,51.03999999999999,
2021-09-03,50.96999999999999,
2021-09-07,50.79,
2021-09-08,50.88,
2021-09-09,50.59,
2021-09-10,50.6,
2021-09-13,50.07999999999999,
2021-09-14,48.370000000000005,
2021-09-15,49.230000000000004,
2021-09-16,48.79,
2021-09-17,48.61,
2021-09-20,48.14,
2021-09-21,48.03,
2021-09-22,48.24,
2021-09-23,48.81,
2021-09-24,48.459999999999994,
2021-09-27,48.74,
2021-09-28,48.27,
2021-09-29,48.74,
2021-09-30,45.52,
2021-10-01,45.86,
2021-10-04,46.5,
2021-10-05,46.17,
2021-10-06,46.45,
2021-10-07,46.47999999999999,
2021-10-08,46.73,
2021-10-11,46.71000000000001,
2021-10-12,47.15,
2021-10-13,47.92,
2021-10-14,48.67,
2021-10-15,48.7,
2021-10-18,48.13,
2021-10-19,47.9,
2021-10-20,48.42999999999999,
2021-10-21,48.22999999999999,
2021-10-22,48.22,
2021-10-25,47.95,
2021-10-26,48.11,
2021-10-27,47.49999999999999,
2021-10-28,44.58,
2021-10-29,44.11,
2021-11-01,44.05,
2021-11-02,44.15,
2021-11-03,44.96,
2021-11-04,44.61,
2021-11-05,45.2,
2021-11-08,45.07,
2021-11-09,44.79,
2021-11-10,44.75,
2021-11-11,44.9,
2021-11-12,44.92,
2021-11-15,45.2,
2021-11-16,44.45,
2021-11-17,44.42,
2021-11-18,44.01,
2021-11-19,43.4,
2021-11-22,43.99,
2021-11-23,44.24,
2021-11-24,44.08,
2021-11-26,43.74,
2021-11-29,43.48,
2021-11-30,42.64,
2021-12-01,42.99,
2021-12-02,43.21,
2021-12-03,43.92,
2021-12-06,44.43,
2021-12-07,44.49,
2021-12-08,44.52,
2021-12-09,44.59,44.74113464355469
2021-12-10,45.09,44.7763671875
2021-12-13,45.36,44.932743072509766
2021-12-14,45.4,45.20146560668945
2021-12-15,45.96,45.41644287109375
2021-12-16,47.35,45.732059478759766
2021-12-17,48.25,46.54001235961914
2021-12-20,48.11,47.61830520629883
2021-12-21,47.77000000000001,48.265323638916016
2021-12-22,46.88000000000001,48.25972366333008
2021-12-23,46.699999999999996,47.61445999145508
2021-12-27,46.79,46.95799255371094
2021-12-28,47.38,46.68967819213867
2021-12-29,47.39999999999999,46.968666076660156
2021-12-30,47.25,47.34732437133789
2021-12-31,47.39,47.503116607666016
2022-01-03,47.97,47.56110763549805
2022-01-04,49.03,47.835086822509766
2022-01-05,48.64,48.56305694580078
2022-01-06,49.21,48.9691162109375
2022-01-07,49.77,49.269622802734375
2022-01-10,50.54,49.67666244506836
2022-01-11,49.48,50.30389404296875
2022-01-12,49.49000000000001,50.21681594848633
2022-01-13,50.309999999999995,49.855369567871094
2022-01-14,50.81,50.00848388671875
2022-01-18,50.46,50.55518341064453
2022-01-19,50.09,50.78386306762695
2022-01-20,50.33,50.56725311279297
2022-01-21,50.32000000000001,50.43052673339844
2022-01-24,49.95,50.4259033203125
2022-01-25,50.03,50.28726577758789
2022-01-26,49.47,50.19630813598633
2022-01-27,50.339999999999996,49.91371536254883
2022-01-28,50.48,50.113590240478516
2022-01-31,50.88,50.49312210083008
2022-02-01,50.64,50.91301345825195
2022-02-02,50.5,51.01644515991211
2022-02-03,50.42000000000001,50.87250900268555
2022-02-04,50.190000000000005,50.687320709228516
2022-02-07,50.39,50.4784049987793
2022-02-08,50.42000000000001,50.4584846496582
2022-02-09,50.6,50.53535842895508
2022-02-10,50.17999999999999,50.68252944946289
2022-02-11,50.37,50.57137680053711
2022-02-14,50.09,50.5013542175293
2022-02-15,50.32000000000001,50.36574172973633
2022-02-16,50.61,50.376136779785156
2022-02-17,51.37,50.58432388305664
2022-02-18,51.74,51.126426696777344
2022-02-22,51.28000000000001,51.700172424316406
2022-02-23,51.95,51.746238708496094
2022-02-24,49.57,51.896610260009766
2022-02-25,51.48,50.8612174987793
2022-02-28,51.29,50.83030700683594
2022-03-01,51.57,51.19999694824219
2022-03-02,52.81,51.58372116088867
2022-03-03,53.17,52.384429931640625
2022-03-04,53.49,53.133522033691406
2022-03-07,52.849999999999994,53.615779876708984
2022-03-08,50.89,53.42719268798828
2022-03-09,50.99999999999999,52.08662033081055
2022-03-10,51.23,51.128562927246094
2022-03-11,50.48,51.008277893066406
2022-03-14,50.54,50.833553314208984
2022-03-15,51.54,50.70186996459961
2022-03-16,51.28000000000001,51.175048828125
2022-03-17,51.69,51.510189056396484
2022-03-18,51.68,51.786746978759766
2022-03-21,52.25,51.915828704833984
2022-03-22,53.31,52.21417999267578
2022-03-23,53.22,52.97370147705078
2022-03-24,52.5,53.457157135009766
2022-03-25,53.61999999999999,53.17423629760742
2022-03-28,52.029999999999994,53.35527420043945
2022-03-29,51.68,52.836334228515625
2022-03-30,52.05,52.098876953125
2022-03-31,52.25,51.91716384887695
2022-04-01,52.71,52.14529037475586
2022-04-04,52.71999999999999,52.60003662109375
2022-04-05,52.64,52.887107849121094
2022-04-06,53.830000000000005,52.91456985473633
2022-04-07,53.730000000000004,53.47403335571289
2022-04-08,54.11,53.90760803222656
2022-04-11,54.45,54.22557067871094
2022-04-12,54.91,54.530975341796875
2022-04-13,54.8,54.9240837097168
2022-04-14,54.98,55.07819747924805
2022-04-18,54.599999999999994,55.15411376953125
2022-04-19,55.22,54.972023010253906
2022-04-20,55.36999999999999,55.1409797668457
2022-04-21,56.53000000000001,55.440818786621094
2022-04-22,55.529999999999994,56.236351013183594
2022-04-25,55.23,56.20866012573242
2022-04-26,54.88000000000001,55.72004318237305
2022-04-27,54.92,55.22237777709961
2022-04-28,55.2,55.047218322753906
2022-04-29,55.57000000000001,55.229400634765625
2022-05-02,55.38,55.615665435791016
2022-05-03,55.43999999999999,55.73401641845703
2022-05-04,56.400000000000006,55.7263069152832
2022-05-05,55.95,56.244144439697266
2022-05-06,56.57000000000001,56.4082145690918
2022-05-09,55.26,56.67335510253906
2022-05-10,51.57,56.11680221557617
2022-05-11,51.69,53.517494201660156
2022-05-12,52.17000000000001,51.836036682128906
2022-05-13,53.04,51.774295806884766
2022-05-16,53.739999999999995,52.65184783935547
2022-05-17,54.24,53.64883804321289
2022-05-18,53.2,54.378143310546875
2022-05-19,51.09,54.076900482177734
2022-05-20,51.09,52.47343826293945
2022-05-23,52.12,51.33916473388672
2022-05-24,52.93000000000001,51.57608413696289
2022-05-25,53.89000000000001,52.53245544433594
2022-05-26,54.5,53.64570617675781
2022-05-27,54.43,54.513179779052734
2022-05-31,54.09,54.7928352355957
2022-06-01,54.08,54.546600341796875
2022-06-02,54.15,54.272300720214844
2022-06-03,53.82000000000001,54.196563720703125
2022-06-06,53.59,54.040740966796875
2022-06-07,54.01,53.79531478881836
2022-06-08,49.49000000000001,53.88450622558594
2022-06-09,48.66,51.630558013916016
2022-06-10,48.94,49.34306716918945
2022-06-13,47.16,48.593631744384766
2022-06-14,46.29,47.87332534790039
2022-06-15,45.67,47.0084342956543
2022-06-16,45.38,46.25010681152344
2022-06-17,45.31,45.773681640625
2022-06-21,45.7,45.57698059082031
2022-06-22,41.5,45.71104049682617
2022-06-23,42.51,44.16040802001953
2022-06-24,43.4,42.960140228271484
2022-06-27,43.19,42.8604621887207
2022-06-28,43.19,43.13034439086914
2022-06-29,41.76,43.35134506225586
2022-06-30,41.77,42.89754104614258
2022-07-01,42.25,42.30313491821289
2022-07-05,41.72,42.08737564086914
2022-07-06,41.16,41.93934631347656
2022-07-07,41.81,41.63625717163086
2022-07-08,41.52,41.58024215698242
2022-07-11,41.95,41.577938079833984
2022-07-12,42.31,41.720401763916016
2022-07-13,41.96,42.00227355957031
2022-07-14,41.63,42.1197624206543
2022-07-15,41.99,41.984249114990234
2022-07-18,42.27,41.91107177734375
2022-07-19,42.96,42.018272399902344
2022-07-20,42.32,42.41123580932617
2022-07-21,42.77,42.571937561035156
2022-07-22,43.09,42.68880081176758
2022-07-25,43.83,42.88531494140625
2022-07-26,44.14,43.322872161865234
2022-07-27,44.07,43.83079528808594
2022-07-28,44.0,44.138187408447266
2022-07-29,43.86,44.19965744018555
2022-08-01,44.05,44.088722229003906
2022-08-02,43.83,44.0372200012207
2022-08-03,44.23,43.97332000732422
2022-08-04,44.25,44.07991409301758
2022-08-05,44.1,44.24468231201172
2022-08-08,44.22,44.30697250366211
2022-08-09,44.22,44.34465026855469
2022-08-10,44.74,44.3727912902832
2022-08-11,45.13,44.59156799316406
2022-08-12,45.15,44.97057342529297
2022-08-15,45.28,45.26728057861328
2022-08-16,45.74,45.443603515625
2022-08-17,45.45,45.68414306640625
2022-08-18,45.61,45.751068115234375
2022-08-19,45.47,45.76504135131836
2022-08-22,45.38,45.70895004272461
2022-08-23,45.53,45.61161804199219
2022-08-24,45.8,45.60468673706055
2022-08-25,46.39,45.75761032104492
2022-08-26,45.88,46.15547561645508
2022-08-29,45.71,46.27692794799805
2022-08-30,45.12,46.129661560058594
2022-08-31,45.12,45.709346771240234
2022-09-01,45.37,45.369468688964844
2022-09-02,45.0,45.33460235595703
2022-09-06,44.57,45.29231643676758
2022-09-07,44.95,45.06544494628906
2022-09-08,45.15,45.00742721557617
2022-09-09,45.57,45.14740753173828
2022-09-12,45.15,45.47032928466797
2022-09-13,42.97,45.556556701660156
2022-09-14,41.76,44.610137939453125
2022-09-15,42.01,43.15358352661133
2022-09-16,42.29,42.26162338256836
2022-09-19,42.91,42.106292724609375
2022-09-20,42.92,42.50800323486328
2022-09-21,43.01,42.96315002441406
2022-09-22,43.27,43.25959396362305
2022-09-23,41.68,43.45620346069336
2022-09-26,41.47,42.965248107910156
2022-09-27,40.79,42.25344467163086
2022-09-28,41.41,41.52751159667969
2022-09-29,41.17,41.28339385986328
2022-09-30,40.38,41.273780822753906
2022-10-03,41.37,41.072017669677734
2022-10-04,42.5,41.14999008178711
2022-10-05,42.9,41.73685073852539
2022-10-06,42.99,42.49245834350586
2022-10-07,42.82,43.05022048950195
2022-10-10,43.46,43.224334716796875
2022-10-11,44.35,43.37715530395508
2022-10-12,44.75,43.81730270385742
2022-10-13,45.89,44.384342193603516
2022-10-14,45.23,45.198875427246094
2022-10-17,44.59,45.55851364135742
2022-10-18,44.77,45.27145767211914
2022-10-19,44.67,44.9095573425293
2022-10-20,43.56,44.68805694580078
2022-10-21,44.48,44.198909759521484
2022-10-24,45.41,44.1398811340332
2022-10-25,45.74,44.70661544799805
2022-10-26,46.31,45.44266128540039
2022-10-27,45.42,46.14505386352539
2022-10-28,46.31,46.178829193115234
2022-10-31,46.27,46.25361251831055
2022-11-01,46.14,46.365238189697266
2022-11-02,44.84,46.381858825683594
2022-11-03,44.91,45.806156158447266
2022-11-04,45.5,45.25163269042969
2022-11-07,45.88,45.23970031738281
2022-11-08,45.9,45.626625061035156
2022-11-09,45.21,45.99525833129883
2022-11-10,44.22,45.8890380859375
2022-11-11,44.38,45.2166862487793
2022-11-14,43.96,44.684513092041016
2022-11-15,43.66,44.31718444824219
2022-11-16,43.58,44.038238525390625
2022-11-17,43.67,43.866764068603516
2022-11-18,44.2,43.839847564697266
2022-11-21,44.8,44.08067321777344
2022-11-22,45.16,44.566070556640625
2022-11-23,45.02,45.08788299560547
2022-11-25,44.74,45.33738327026367
2022-11-28,45.15,45.23565673828125
2022-11-29,45.82,45.188472747802734
2022-11-30,46.57999999999999,45.476810455322266
2022-12-01,47.01,46.098480224609375
2022-12-02,47.629999999999995,46.76388931274414
2022-12-05,47.19,47.39987564086914
2022-12-06,46.21,47.561702728271484
2022-12-07,46.37,47.016387939453125
2022-12-08,46.86,46.506961822509766
2022-12-09,46.71000000000001,46.51150131225586
2022-12-12,46.96,46.672019958496094
2022-12-13,46.81000000000001,46.89997100830078
2022-12-14,47.13,46.99406051635742
2022-12-15,46.95,47.130062103271484
2022-12-16,46.56,47.16654586791992
2022-12-19,46.38,46.9743766784668
2022-12-20,46.44,46.703163146972656
2022-12-21,45.59,46.56598663330078
2022-12-22,45.78,46.19244384765625
2022-12-23,46.24,45.95036315917969
2022-12-27,46.47999999999999,46.08743667602539
2022-12-28,45.85,46.41948318481445
2022-12-29,45.87,46.39692306518555
2022-12-30,45.71,46.21920394897461
2023-01-03,45.52,46.01393508911133
2023-01-04,45.41,45.81269454956055
2023-01-05,45.37,45.65058135986328
2023-01-06,46.45,45.554168701171875
2023-01-09,45.98,45.9652099609375
2023-01-10,45.99,46.2299919128418
2023-01-11,45.82,46.270687103271484
2023-01-12,45.4,46.1365852355957
2023-01-13,45.62,45.82319259643555
2023-01-17,45.16,45.66498947143555
2023-01-18,44.01,45.46686935424805
2023-01-19,44.54,44.851318359375
2023-01-20,44.94,44.53022384643555
2023-01-23,44.81,44.67142868041992
2023-01-24,44.78,44.8823356628418
2023-01-25,44.93,44.98752975463867
2023-01-26,44.29,45.058135986328125
2023-01-27,44.14,44.83976364135742
2023-01-30,44.5,44.51887130737305
2023-01-31,45.04,44.44645309448242
2023-02-01,47.540000000000006,44.73341369628906
2023-02-02,46.97,46.040252685546875
2023-02-03,46.91,47.04819107055664
2023-02-06,46.96,47.3675651550293
2023-02-07,46.56,47.27907943725586
2023-02-08,46.5,46.929683685302734
2023-02-09,46.33,46.616939544677734
2023-02-10,47.24,46.40475845336914
2023-02-13,47.85,46.71567916870117
2023-02-14,47.40999999999999,47.38530731201172
2023-02-15,47.65,47.692962646484375
2023-02-16,47.39999999999999,47.78760528564453
2023-02-17,48.07,47.67959213256836
2023-02-21,47.43999999999999,47.84801483154297
2023-02-22,47.14,47.801849365234375
2023-02-23,47.510000000000005,47.52791976928711
2023-02-24,47.17,47.47063446044922
2023-02-27,46.53999999999999,47.404693603515625
2023-02-28,46.43,47.070594787597656
2023-03-01,46.15,46.732364654541016
2023-03-02,46.46,46.4502067565918
2023-03-03,46.53,46.45027542114258
2023-03-06,47.19,46.5975227355957
2023-03-07,46.54999999999999,47.00248718261719
2023-03-08,46.8,47.05724334716797
2023-03-09,46.739999999999995,47.01639938354492
2023-03-10,46.60999999999999,46.95530319213867
2023-03-13,46.68000000000001,46.85634231567383
2023-03-14,46.739999999999995,46.8096923828125
2023-03-15,46.87,46.830928802490234
2023-03-16,46.17,46.91988754272461
2023-03-17,45.32,46.690799713134766
2023-03-20,46.07,46.05531692504883
2023-03-21,46.2,45.86804962158203
2023-03-22,45.15,46.04373550415039
2023-03-23,43.46,45.81966018676758
2023-03-24,43.97,44.7955436706543
2023-03-27,44.29,44.113563537597656
2023-03-28,44.36,44.058685302734375
2023-03-29,44.52,44.291378021240234
2023-03-30,44.5,44.56786346435547
2023-03-31,44.62,44.723045349121094
2023-04-03,44.98,44.80113983154297
2023-04-04,44.45,44.958717346191406
2023-04-05,44.43,44.88104248046875
2023-04-06,44.43,44.7015266418457
2023-04-10,44.5,44.564781188964844
2023-04-11,45.09,44.53416442871094
2023-04-12,44.83,44.78839874267578
2023-04-13,44.97,44.961029052734375
2023-04-14,45.03,45.053863525390625
2023-04-17,45.44,45.10581970214844
2023-04-18,46.14,45.28794860839844
2023-04-19,46.46,45.741336822509766
2023-04-20,45.99,46.25456237792969
2023-04-21,46.15,46.36483383178711
2023-04-24,46.669999999999995,46.30451202392578
2023-04-25,46.99,46.448795318603516
2023-04-26,46.690000000000005,46.77437973022461
2023-04-27,47.19,46.89756774902344
2023-04-28,47.510000000000005,47.07768630981445
2023-05-01,47.78,47.36867141723633
2023-05-02,47.18,47.696861267089844
2023-05-03,46.53,47.6289176940918
2023-05-04,46.13,47.13505935668945
2023-05-05,46.690000000000005,46.54689407348633
2023-05-08,46.60999999999999,46.46235656738281
2023-05-09,46.44,46.60723114013672
2023-05-10,45.94,46.67521286010742
2023-05-11,45.67,46.45649337768555
2023-05-12,45.67,46.10848617553711
2023-05-15,45.56,45.88336181640625
2023-05-16,45.09,45.77198791503906
2023-05-17,45.34,45.550445556640625
2023-05-18,45.07,45.46692657470703
2023-05-19,45.3,45.3781852722168
2023-05-22,44.93,45.40096664428711
2023-05-23,44.93,45.31181716918945
2023-05-24,44.95,45.19447326660156
2023-05-25,44.67,45.12729263305664
2023-05-26,44.61,44.99518585205078
2023-05-30,44.32,44.85435104370117
2023-05-31,44.42,44.654930114746094
2023-06-01,44.58,44.54643249511719
2023-06-02,45.33,44.5886344909668
2023-06-05,44.64,44.96623992919922
2023-06-06,44.66,45.05990982055664
2023-06-07,45.1,44.957218170166016
2023-06-08,45.36,45.0063591003418
2023-06-09,45.22,45.22356033325195
2023-06-12,45.53,45.35612487792969
2023-06-13,45.76,45.50261688232422
2023-06-14,43.95,45.697357177734375
2023-06-15,44.15,45.10163879394531
2023-06-16,44.07,44.47232437133789
2023-06-20,43.47,44.135311126708984
2023-06-21,43.95,43.834747314453125
2023-06-22,43.76,43.833465576171875
2023-06-23,43.42,43.90140914916992
2023-06-26,44.26,43.82191848754883
2023-06-27,44.34,44.020713806152344
2023-06-28,44.5,44.318748474121094
2023-06-29,44.97,44.57848358154297
2023-06-30,45.3,44.887577056884766
2023-07-03,45.92,45.2270622253418
2023-07-05,45.98,45.68021774291992
2023-07-06,46.09,46.02146911621094
2023-07-07,45.98,46.19807434082031
2023-07-10,44.95,46.18687057495117
2023-07-11,45.64,45.68384552001953
2023-07-12,45.69,45.46900939941406
2023-07-13,45.58,45.544410705566406
2023-07-14,45.49,45.6486930847168
2023-07-17,45.38,45.66752624511719
2023-07-18,45.39,45.60200881958008
2023-07-19,45.38,45.54446792602539
2023-07-20,45.66,45.5223388671875
2023-07-21,45.6,45.64138412475586
2023-07-24,45.6,45.74945068359375
2023-07-25,45.46,45.79579162597656
2023-07-26,45.56,45.74019241333008
2023-07-27,45.6,45.70802688598633
2023-07-28,45.49,45.724491119384766
2023-07-31,45.42,45.70692825317383
2023-08-01,45.18,45.647361755371094
2023-08-02,44.57,45.49886703491211
2023-08-03,44.3,45.128700256347656
2023-08-04,44.0,44.714141845703125
2023-08-07,44.12,44.353607177734375
2023-08-08,44.24,44.21516799926758
2023-08-09,44.09,44.27483367919922
2023-08-10,43.92,44.32309341430664
2023-08-11,43.73,44.26374435424805
2023-08-14,43.53,44.106101989746094
2023-08-15,43.07,43.89640426635742
2023-08-16,42.75,43.576725006103516
2023-08-17,42.57,43.213279724121094
2023-08-18,42.91,42.91220474243164
2023-08-21,42.73,42.880699157714844
2023-08-22,42.77,42.91514587402344
2023-08-23,43.12,42.95502471923828
2023-08-24,43.4,43.10191345214844
2023-08-25,43.67,43.34462356567383
2023-08-28,43.97,43.627620697021484
2023-08-29,44.22,43.92107009887695
2023-08-30,44.52,44.193336486816406
2023-08-31,44.22,44.45834732055664
2023-09-01,44.11,44.50130081176758
2023-09-05,44.09,44.37476348876953
2023-09-06,43.53,44.23051452636719
2023-09-07,43.72,43.93818664550781
2023-09-08,44.08,43.76792907714844
2023-09-11,44.46,43.87827682495117
2023-09-12,44.87,44.2161750793457
2023-09-13,44.75,44.66767120361328
2023-09-14,44.1,44.93464660644531
2023-09-15,43.53,44.74749755859375
2023-09-18,43.35,44.22119903564453
2023-09-19,43.06,43.7248649597168
2023-09-20,43.04,43.36223220825195
2023-09-21,42.91,43.19416046142578
2023-09-22,42.33,43.12538146972656
2023-09-25,42.09,42.90438461303711
2023-09-26,41.9,42.60488510131836
2023-09-27,41.91,42.33084487915039
2023-09-28,42.14,42.18059539794922
2023-09-29,42.05,42.220008850097656
2023-10-02,41.58,42.29161071777344
2023-10-03,41.13,42.16939163208008
2023-10-04,41.65,41.83604049682617
2023-10-05,41.99,41.70994186401367
2023-10-06,42.07,41.86173629760742
2023-10-09,42.7,42.10037612915039
2023-10-10,42.49,42.48308181762695
2023-10-11,42.56,42.721134185791016
2023-10-12,42.24,42.80460739135742
2023-10-13,42.66,42.678749084472656
2023-10-16,42.87,42.65154266357422
2023-10-17,43.19,42.77637481689453
2023-10-18,43.12,43.0333137512207
2023-10-19,42.61,43.22343444824219
2023-10-20,42.71,43.11567687988281
2023-10-23,42.13,42.946407318115234
2023-10-24,42.54,42.63685607910156
2023-10-25,42.82,42.52758026123047
2023-10-26,39.26,42.67376708984375
2023-10-27,39.3,41.63372802734375
2023-10-30,40.25,40.42241287231445
2023-10-31,40.17,39.998870849609375
2023-11-01,39.9,40.082489013671875
2023-11-02,40.67,40.22911834716797
2023-11-03,40.67,40.55476760864258
2023-11-06,40.54,40.865150451660156
2023-11-07,40.51,41.003082275390625
2023-11-08,40.2,40.98995590209961
2023-11-09,40.11,40.81425094604492
2023-11-10,40.02,40.59074783325195
2023-11-13,40.0,40.39856719970703
2023-11-14,40.22,40.2797737121582
2023-11-15,40.75,40.3000373840332
2023-11-16,40.7,40.542510986328125
2023-11-17,40.82,40.79556655883789
2023-11-20,40.84,40.98540496826172
2023-11-21,40.76,41.08445358276367
2023-11-22,41.19,41.08279800415039
2023-11-24,41.47,41.17382049560547
2023-11-27,41.44,41.3841438293457
2023-11-28,41.82,41.56709671020508
2023-11-29,41.76,41.78600311279297
2023-11-30,42.04,41.93455123901367
2023-12-01,42.6,42.08549118041992
2023-12-04,42.5,42.38385009765625
2023-12-05,42.57,42.622039794921875
2023-12-06,41.36,42.75385284423828
2023-12-07,41.32,42.374263763427734
2023-12-08,41.3,41.876346588134766
2023-12-11,41.39,41.55068588256836
2023-12-12,41.36,41.47060012817383
2023-12-13,42.02,41.518165588378906
2023-12-14,42.11,41.81511306762695
2023-12-15,41.75,42.160037994384766
2023-12-18,42.2,42.26410675048828
2023-12-19,42.44,42.35589599609375
2023-12-20,40.3,42.51471710205078
2023-12-21,40.31,41.91846466064453
2023-12-22,40.36,41.156436920166016
2023-12-26,40.34,40.67890167236328
2023-12-27,40.18,40.513126373291016
2023-12-28,40.18,40.479637145996094
2023-12-29,40.34,40.49628829956055
2024-01-02,41.58,40.572784423828125
2024-01-03,41.4,41.040130615234375
2024-01-04,41.52,41.498653411865234
2024-01-05,41.49,41.791568756103516
2024-01-08,41.91,41.88326644897461
2024-01-09,41.86,41.9863395690918
2024-01-10,41.06,42.05801010131836
2024-01-11,41.6,41.81340408325195
2024-01-12,41.34,41.6716423034668
2024-01-16,40.97,41.57977294921875
2024-01-17,40.74,41.412193298339844
2024-01-18,40.44,41.18798828125
2024-01-19,40.33,40.92862319946289
2024-01-22,40.48,40.71583938598633
2024-01-23,40.44,40.65425109863281
2024-01-24,39.93,40.676353454589844
2024-01-25,40.21,40.56081771850586
2024-01-26,40.2,40.493080139160156
2024-01-29,40.53,40.48477554321289
2024-01-30,40.46,40.60587692260742
2024-01-31,40.12,40.72615432739258
2024-02-01,41.72,40.684513092041016
2024-02-02,41.36,41.06893539428711
2024-02-05,40.52,41.45949935913086
2024-02-06,40.6,41.40145492553711
2024-02-07,40.26,41.147491455078125
2024-02-08,40.09,40.81639862060547
2024-02-09,40.11,40.52173614501953
2024-02-12,40.55,40.35857391357422
2024-02-13,40.23,40.452369689941406
2024-02-14,40.4,40.540000915527344
2024-02-15,40.17,40.624454498291016
2024-02-16,40.18,40.612281799316406
2024-02-20,40.25,40.55741500854492
2024-02-21,40.47,40.53004837036133
2024-02-22,40.9,40.59788131713867
2024-02-23,41.13,40.82417678833008
2024-02-26,40.71,41.12312698364258
2024-02-27,40.9,41.21139907836914
2024-02-28,40.99,41.208831787109375
2024-02-29,40.91,41.2099494934082
2024-03-01,40.86,41.194698333740234
2024-03-04,39.73,41.15825271606445
2024-03-05,39.94,40.76523208618164
2024-03-06,41.45,40.39244842529297
2024-03-07,41.55,40.667640686035156
2024-03-08,41.87,41.225582122802734
2024-03-11,42.68,41.786983489990234
2024-03-12,43.05,42.40293502807617
2024-03-13,43.35,42.96492385864258
2024-03-14,44.28,43.39552307128906
2024-03-15,43.87,43.93218994140625
2024-03-18,44.51,44.189659118652344
2024-03-19,44.63,44.42369842529297
2024-03-20,44.79,44.630706787109375
2024-03-21,44.95,44.805728912353516
2024-03-22,42.98,44.963253021240234
2024-03-25,43.26,44.29832077026367
2024-03-26,43.12,43.62907791137695
2024-03-27,43.66,43.2636833190918
2024-03-28,43.62,43.387733459472656
2024-04-01,43.22,43.65993118286133
2024-04-02,42.93,43.71348571777344
2024-04-03,42.12,43.530399322509766
2024-04-04,41.53,43.03506851196289
2024-04-05,41.65,42.39411926269531
2024-04-08,41.96,41.9978141784668
2024-04-09,42.11,41.980525970458984
2024-04-10,41.68,42.176597595214844
2024-04-11,41.43,42.2209358215332
2024-04-12,41.05,42.066078186035156
2024-04-15,40.95,41.7509765625
2024-04-16,40.75,41.448612213134766
2024-04-17,41.1,41.20150375366211
2024-04-18,41.3,41.17427062988281
2024-04-19,42.09,41.322349548339844
2024-04-22,42.57,41.743202209472656
2024-04-23,42.87,42.3029899597168
2024-04-24,42.92,42.81260681152344
2024-04-25,43.54,43.113975524902344
2024-04-26,43.38,43.415260314941406
2024-04-29,43.82,43.56544494628906
2024-04-30,43.81,43.7343864440918
2024-05-01,43.82,43.85912322998047
2024-05-02,43.98,43.914791107177734
2024-05-03,43.59,43.98161697387695
2024-05-06,43.49,43.89397048950195
2024-05-07,43.85,43.7325553894043
2024-05-08,44.29,43.75606155395508
2024-05-09,44.71,44.038848876953125
2024-05-10,44.9,44.48551940917969
2024-05-13,45.04,44.89307403564453
2024-05-14,45.5,45.165611267089844
2024-05-15,45.85,45.45237731933594
2024-05-16,45.95,45.78391647338867
2024-05-17,46.08,46.03954315185547
2024-05-20,45.9,46.20186996459961
2024-05-21,46.33,46.18706130981445
2024-05-22,46.32,46.282894134521484
2024-05-23,45.64,46.40339660644531
2024-05-24,45.49,46.19140625
2024-05-28,45.48,45.860206604003906
2024-05-29,45.15,45.649513244628906
2024-05-30,45.44,45.45954895019531
2024-05-31,46.25,45.469993591308594
2024-06-03,46.54999999999999,45.90057373046875
2024-06-04,46.83,46.450870513916016
2024-06-05,46.669999999999995,46.904781341552734
2024-06-06,46.690000000000005,47.04479217529297
2024-06-07,46.699999999999996,46.996334075927734
2024-06-10,46.49,46.91184997558594
2024-06-11,46.4,46.76853942871094
2024-06-12,45.87,46.62162399291992
2024-06-13,45.75,46.31623458862305
2024-06-14,44.32,46.02473068237305
2024-06-17,44.7,45.286746978759766
2024-06-18,44.8,44.83165740966797
2024-06-20,45.43,44.775142669677734
2024-06-21,45.74,45.14328384399414
2024-06-24,46.45,45.64331817626953
2024-06-25,46.42,46.250633239746094
2024-06-26,46.36,46.63130569458008
2024-06-27,45.46,46.70615768432617
2024-06-28,45.55,46.24787521362305
2024-07-01,46.03,45.80257797241211
2024-07-02,46.05,45.79336166381836
2024-07-03,45.95,45.982215881347656
2024-07-05,46.1,46.097625732421875
2024-07-08,46.02,46.1801643371582
2024-07-09,46.699999999999996,46.189796447753906
2024-07-10,46.93,46.45009231567383
2024-07-11,47.08,46.8162956237793
2024-07-12,47.73,47.11289596557617
2024-07-15,47.72,47.52076721191406
2024-07-16,48.03,
2024-07-17,,48.030455418527126
2024-07-18,,48.14318468540907
2024-07-19,,48.20969776958227
2024-07-20,,48.26683976054191
2024-07-21,,48.325252033770084
2024-07-22,,48.38799293190241
2024-07-23,,48.45670139521361
2024-07-24,,48.532354988753795
2024-07-25,,48.61526576012373
2024-07-26,,48.705167226195336
2024-07-27,,48.80138972729444
2024-07-28,,48.90299297839403
2024-07-29,,49.008901381790636
2024-07-30,,49.11801862865686
2024-07-31,,49.22930087834597
2024-08-01,,49.34182579547167
2024-08-02,,49.45481740325689
2024-08-03,,49.56768060207367
2024-08-04,,49.67999288499355
2024-08-05,,49.79149467259646
2024-08-06,,49.90207550555468
2024-08-07,,50.011750572025775
2024-08-08,,50.1206110009551
2024-08-09,,50.22883352726698
2024-08-10,,50.33662526220083
2024-08-11,,50.44422093182802
2024-08-12,,50.5518580237031
2024-08-13,,50.65975745648146
2024-08-14,,50.76812219917774
2024-08-15,,50.87712622523308
